,history,physics,university,computer,research,rochester,ub,engineering,science,award,professor,faculty,buffalo,disability,war,ieee,arts,var,quantum,matter
C:/Users/huang/Dropbox/AlexXuRichard/School tests/UR p&h&cs\test0.csv,-6.949392712550607,-0.0,-41.21457489878542,-0.0,-0.0,-3.283147773279352,-0.0,-2.021761133603239,-0.0,-0.0,-2.0521255060728745,-0.0,-0.0,-0.0,-0.0,-0.0,-4.831983805668015,-0.0,-0.0,-0.0
C:/Users/huang/Dropbox/AlexXuRichard/School tests/UR p&h&cs\test1.csv,28.246758674949596,-0.0,-7.18634955498369,-0.0,-0.6916329284750343,3.4109848546935697,-0.0,-0.5385935545028876,-0.0,15.433333333333332,1.5474956905265345,-0.0,-0.0,-0.0,-0.0,-0.0,-1.282940358526338,-0.0,-0.0,-0.0
C:/Users/huang/Dropbox/AlexXuRichard/School tests/UR p&h&cs\test10.csv,-11.049874276862184,-0.0,-46.75951042731267,-0.0,-0.0,-5.194590763322701,-0.0,-3.229505785677647,-0.0,-0.0,-0.0,-0.0,-0.0,-0.0,-0.0,-0.0,-7.674168231113619,-0.0,-0.0,-0.0
C:/Users/huang/Dropbox/AlexXuRichard/School tests/UR p&h&cs\test100.csv,-0.0,-0.0,-1.51782890312288,9.07962213225371,-4.850597574249821,4.399007460943561,-0.0,-0.9126356840187111,2.8738641475483573,-0.20536212325686024,0.0699080322890938,-0.4970760233918129,-0.0,-0.0,-0.0,2.8291497975708504,-0.0,-0.0,-0.0,-0.0
C:/Users/huang/Dropbox/AlexXuRichard/School tests/UR p&h&cs\test101.csv,-0.0,-0.0,-33.004496636789824,2.554333513634603,-0.0,5.49025076750833,-0.0,-3.717091927600253,-7.806079149441604,-0.0,-0.0,-2.032573766645789,-0.0,-0.0,-0.0,-0.0,-0.0,-0.0,-0.0,-0.0
C:/Users/huang/Dropbox/AlexXuRichard/School tests/UR p&h&cs\test102.csv,-0.0,-0.0,7.953264548476307,27.480196606686356,-3.4336617100174855,5.71153972113279,-0.0,20.69629612886616,-0.9709522659398584,1.6714497047924495,1.056312355122131,-1.1917121747888737,-0.0,-0.0,-0.0,108.20716943401793,-0.0,-0.0,-0.0,-0.0
C:/Users/huang/Dropbox/AlexXuRichard/School tests/UR p&h&cs\test103.csv,-0.0,-0.0,-26.550518830791667,7.789011529341806,-0.0,4.61145375174371,-0.0,-2.961237122865672,-6.268609335470136,-0.0,-1.1775540490117447,-1.6498061592548128,-0.0,-0.0,-0.0,-0.0,-0.0,-0.0,-0.0,-0.0
C:/Users/huang/Dropbox/AlexXuRichard/School tests/UR p&h&cs\test104.csv,-0.0,-0.0,-28.556413198037777,7.86678881059953,-0.0,4.663059610375196,-0.0,-2.9450951024569463,-6.226060148081235,-0.6259998576965707,-0.0,-4.817068624232621,-0.0,-0.0,-0.0,-0.0,-0.0,-0.0,-0.0,-0.0
C:/Users/huang/Dropbox/AlexXuRichard/School tests/UR p&h&cs\test105.csv,-0.0,-0.0,-9.353854918656982,46.94425120407888,-3.6704802327635138,4.934251560789813,-0.0,9.128146046274388,-2.0072515729812483,-0.0,0.12113063193017773,-2.0735066782766025,-0.0,-0.0,-0.0,-0.0,-0.0,-0.0,-0.0,-0.0
C:/Users/huang/Dropbox/AlexXuRichard/School tests/UR p&h&cs\test106.csv,-0.0,-0.0,-22.46609363117155,13.02139998462917,-0.0,4.036487981654569,-0.0,-2.4418631954427803,-5.2014585986157496,-0.0,-0.9821388962264571,-1.3850552268657412,-0.0,-0.0,-0.0,-0.0,-0.0,-0.0,-0.0,-0.0
C:/Users/huang/Dropbox/AlexXuRichard/School tests/UR p&h&cs\test107.csv,-0.0,-0.0,-25.968941741037103,8.098236421938363,-0.0,4.837402123164339,-0.0,-2.878618972562716,-4.793143740960166,-0.0,-1.1595314351916006,-1.6405317742829642,-0.0,-0.0,-0.0,-0.0,-0.0,-0.0,-0.0,-0.0
C:/Users/huang/Dropbox/AlexXuRichard/School tests/UR p&h&cs\test108.csv,-0.0,10.91902834008097,-5.320228857697123,-1.3210138489250323,-6.22417074479319,5.349898727897616,-0.0,-0.0,-2.6453182924581964,-0.0,2.826925040063516,-0.7139496760574978,-0.0,-0.0,-0.0,-0.0,-1.2924708220218246,-0.0,-0.0,1.4846545644508293
C:/Users/huang/Dropbox/AlexXuRichard/School tests/UR p&h&cs\test109.csv,-0.0,-0.0,-27.594754202534457,8.228693010711588,-0.0,4.956470451568553,-0.0,-2.862588447633481,-6.039491659110871,-0.0,-0.0,-1.6386260968349688,-0.0,-0.0,-0.0,-0.0,-0.0,-0.0,-0.0,-0.0
C:/Users/huang/Dropbox/AlexXuRichard/School tests/UR p&h&cs\test11.csv,119.43624497293305,-0.0,3.5717628489933237,-0.0,-2.6306925986579484,-0.20363774088260292,-0.0,-0.20582435323209783,-0.0,-0.0,-0.20420548862689075,-0.0,-0.0,-0.0,24.092178995629677,-0.0,-0.5035372565482127,-0.0,-0.0,-0.1664184231275091
C:/Users/huang/Dropbox/AlexXuRichard/School tests/UR p&h&cs\test110.csv,-0.0,-0.0,-24.42750567263317,9.30469020500021,-0.0,4.865224400605301,-0.0,-2.74204549480334,-5.783229755839047,-0.0,-1.0974885890506088,-1.5790515019662719,-0.0,-0.0,-0.0,-0.0,-0.0,-0.0,-0.0,-0.0
C:/Users/huang/Dropbox/AlexXuRichard/School tests/UR p&h&cs\test111.csv,-0.0,-0.0,-9.170549895347431,-0.0,-1.642121923787288,-0.9841365785824024,-0.0,-0.6451362316802869,-0.0,-0.0,-0.6376301989649762,-0.0,-0.0,-0.0,-0.0,-0.0,-1.579614060111577,-0.0,-0.0,-0.0
C:/Users/huang/Dropbox/AlexXuRichard/School tests/UR p&h&cs\test112.csv,-0.0,-0.0,-13.55989763603007,31.380379718340286,-8.566395909962136,6.791318704371476,-0.0,30.896890703377814,-3.2161823299434085,3.209899445975658,-0.4957480794084447,-2.5895139009520993,-0.0,-0.0,-0.0,2.86230700653909,-0.0,-0.0,-0.0,-0.0
C:/Users/huang/Dropbox/AlexXuRichard/School tests/UR p&h&cs\test113.csv,-0.0,-0.0,-21.74847574247991,7.1345498594656105,-10.978679523852167,10.68046816725325,-0.0,-2.3622942842677057,0.473960239148991,15.669977275418214,-0.0,-1.376060609412057,-0.0,-0.0,-0.0,-0.0,-0.0,-0.0,-0.0,-0.0
C:/Users/huang/Dropbox/AlexXuRichard/School tests/UR p&h&cs\test114.csv,-0.0,-0.0,-17.471548916910397,22.536189720049574,-10.28013427177006,17.691564067347958,-0.0,-1.8336440578940987,1.8348058328172259,-0.3592218399667023,0.2739425107051904,-3.1225954124909947,-0.0,-0.0,-0.0,-0.0,-0.0,-0.0,-0.0,-0.0
C:/Users/huang/Dropbox/AlexXuRichard/School tests/UR p&h&cs\test115.csv,-0.0,-0.0,-24.70431394131998,8.610941988389452,-0.0,5.284594203119712,-0.0,-2.7698021559113046,-5.811238258687872,-0.0,-1.1141770070610908,-1.62653857321174,-0.0,-0.0,-0.0,-0.0,-0.0,-0.0,-0.0,-0.0
C:/Users/huang/Dropbox/AlexXuRichard/School tests/UR p&h&cs\test116.csv,-0.0,-0.0,0.16727211359056898,12.60674115629009,7.557674175468049,4.108888950818445,-0.0,8.816485761500495,2.644247812032398,0.042976659267321304,0.5677453745662968,-0.5018369237448187,-0.0,-0.0,-0.0,21.050770526612848,-0.0,-0.0,-0.0,-0.0
C:/Users/huang/Dropbox/AlexXuRichard/School tests/UR p&h&cs\test117.csv,-0.0,-0.0,-7.096925166447604,54.9096558218118,-5.142046891165213,4.810978397120467,-0.0,14.347526847778473,-2.1034224436213322,-0.5869258148846467,-0.0,-1.8376174628084028,-0.0,-0.0,-0.0,0.3350537531277697,-0.0,-0.0,-0.0,-0.0
C:/Users/huang/Dropbox/AlexXuRichard/School tests/UR p&h&cs\test118.csv,-0.0,-0.0,-2.8832323622255998,-0.31904666466562437,-1.8178151666345415,-0.21820357337521248,-0.0,-0.14657528014541732,5.0910562296066795,-0.0,-0.0,-0.0,-0.0,-0.0,-0.0,-0.0,-0.37048199964797324,-0.0,-0.0,-0.0
C:/Users/huang/Dropbox/AlexXuRichard/School tests/UR p&h&cs\test119.csv,-0.0,-0.0,-36.684762284926094,-4.061115411398824,-0.0,-2.7754935823287785,-0.0,-1.8677484983317303,-0.0,-0.0,-0.0,-0.0,-0.0,-0.0,-0.0,-0.0,-4.7105904919697705,-0.0,-0.0,-0.0
C:/Users/huang/Dropbox/AlexXuRichard/School tests/UR p&h&cs\test12.csv,-1.909271075948749,-0.0,-15.771443741489124,-0.0,-11.101100300830225,-1.1959594232904793,-0.0,-0.8068285992351826,-0.0,-1.1497429435056234,-0.0,-0.0,-0.0,-0.0,-0.0,-0.0,-2.0280423996958907,-0.0,-0.0,-0.0
C:/Users/huang/Dropbox/AlexXuRichard/School tests/UR p&h&cs\test120.csv,-0.0,-0.0,-11.848428355686721,28.041115361302708,-7.770627167504014,13.755967588680464,-0.0,-1.5485801883870263,18.429325659633854,-0.0,-0.5960922392799785,-0.9504888011643694,-0.0,-0.0,-0.0,-0.0,-0.0,-0.0,-0.0,-0.0
C:/Users/huang/Dropbox/AlexXuRichard/School tests/UR p&h&cs\test121.csv,-0.0,-0.0,-29.21910802353567,4.113823396277191,-0.0,6.923219086645148,-0.0,-3.220469429289272,-6.764197186819087,-0.0,-0.0,-1.986299738908214,-0.0,-0.0,-0.0,-0.0,-0.0,-0.0,-0.0,-0.0
C:/Users/huang/Dropbox/AlexXuRichard/School tests/UR p&h&cs\test122.csv,-0.0,-0.0,-15.661099579438835,12.79842000625764,-8.599247268734969,9.318066084927366,-0.0,-1.6373266786455418,-3.4333818616476264,0.30567692554819065,-0.0,-1.0154957331465417,-0.0,-0.0,-0.0,39.5211155849479,-0.0,-0.0,-0.0,-0.0
C:/Users/huang/Dropbox/AlexXuRichard/School tests/UR p&h&cs\test123.csv,-0.0,-0.0,-4.611040120455656,2.3180183557468936,-3.4119139218575416,1.436073831467488,-0.0,8.600104844340066,-0.8286678987263236,-0.3892051418724752,-0.27251963715442873,-0.40409166255372336,-0.0,-0.0,-0.0,0.9483555708039512,-0.0,-0.0,-0.0,-0.0
C:/Users/huang/Dropbox/AlexXuRichard/School tests/UR p&h&cs\test124.csv,-0.0,-0.0,-28.720428422050837,4.372000474178883,-0.0,7.125422888804911,-0.0,-3.1306057521872566,-6.612123676097575,-0.0,-0.0,-1.982837873934122,-0.0,-0.0,-0.0,-0.0,-0.0,-0.0,-0.0,-0.0
C:/Users/huang/Dropbox/AlexXuRichard/School tests/UR p&h&cs\test125.csv,-0.0,-0.0,-25.395222566190945,3.7597736789561047,-0.0,6.074573979617095,-0.0,-2.631973871942675,-5.549939321776526,-0.0,-0.0,-1.6765455202756385,-0.0,-0.0,-0.0,-0.0,-0.0,-0.0,-0.0,-0.0
C:/Users/huang/Dropbox/AlexXuRichard/School tests/UR p&h&cs\test126.csv,-0.0,-0.0,-23.10158869780468,9.517215963437447,-0.0,5.896588400589147,-0.0,-2.518795687624589,-5.126600342835291,-0.0,-1.0861255424420104,-1.613348663993042,-0.0,-0.0,-0.0,-0.0,-0.0,-0.0,-0.0,-0.0
C:/Users/huang/Dropbox/AlexXuRichard/School tests/UR p&h&cs\test127.csv,-0.0,-0.0,-28.19331307539626,4.587996465609763,-0.0,7.295090115406084,-0.0,-3.0721713801214126,-6.456797712393132,-0.0,-1.3273722147282958,-1.9786889110860533,-0.0,-0.0,-0.0,-0.0,-0.0,-0.0,-0.0,-0.0
C:/Users/huang/Dropbox/AlexXuRichard/School tests/UR p&h&cs\test128.csv,-0.0,-0.0,-28.015936141000253,4.6584904070445425,-0.0,7.348053513929541,-0.0,-3.0521769851230536,-6.404093412066759,-0.0,-0.0,-1.9772245426977255,-0.0,-0.0,-0.0,-0.0,-0.0,-0.0,-0.0,-0.0
C:/Users/huang/Dropbox/AlexXuRichard/School tests/UR p&h&cs\test129.csv,-0.0,-0.0,-27.839212047731944,4.728698947906707,-0.0,7.400812232407177,-0.0,-3.03221570561144,-6.35152489757119,-0.0,-0.0,-1.975760713274576,-0.0,-0.0,-0.0,-0.0,-0.0,-0.0,-0.0,-0.0
C:/Users/huang/Dropbox/AlexXuRichard/School tests/UR p&h&cs\test13.csv,60.689172204119345,-0.0,-6.798347272886061,-0.0,-4.388583909732788,-0.44520166832193303,-0.0,-0.31224716113108075,-1.5519877641575621,-0.0,-0.08856748404857569,-0.0,-0.0,-0.0,0.29138156781511143,-0.0,-0.8128447101752718,-0.0,-0.0,-0.0
C:/Users/huang/Dropbox/AlexXuRichard/School tests/UR p&h&cs\test130.csv,-0.0,-0.0,-27.5571452118077,4.798623243664171,-0.0,7.474410351316676,-0.0,-3.0084578539734776,-6.2641768708387255,-0.0,-0.0,-1.9742974226182366,-0.0,-0.0,-0.0,-0.0,-0.0,-0.0,-0.0,-0.0
C:/Users/huang/Dropbox/AlexXuRichard/School tests/UR p&h&cs\test131.csv,-0.0,-0.0,-27.382109712316318,4.868264445106828,-0.0,7.526680756657558,-0.0,-2.9885689837699885,-6.211968833262036,-0.0,-0.0,-1.9728346705304123,-0.0,-0.0,-0.0,-0.0,-0.0,-0.0,-0.0,-0.0
C:/Users/huang/Dropbox/AlexXuRichard/School tests/UR p&h&cs\test132.csv,-0.0,-0.0,-23.042249899119017,9.937623698365506,-0.0,6.175277093385417,-0.0,-2.4189513775606812,-5.019173950559339,-0.0,-0.0,-1.6063034833290146,-0.0,-0.0,-0.0,-0.0,-0.0,-0.0,-0.0,-0.0
C:/Users/huang/Dropbox/AlexXuRichard/School tests/UR p&h&cs\test133.csv,-0.0,-0.0,-22.72993866082959,10.006702144930824,-0.0,6.221958632002738,-0.0,-2.4035411867677525,-4.979247659465048,-1.5510722947576718,-1.0692548982365684,-1.6052219708133963,-0.0,-0.0,-0.0,0.573320808210868,-0.0,-0.0,-0.0,-0.0
C:/Users/huang/Dropbox/AlexXuRichard/School tests/UR p&h&cs\test134.csv,-0.0,-0.0,-21.873039167983443,10.075500921671996,-0.0,6.268493175221803,-0.0,-2.3881517924536255,-4.939405184246496,-0.0,-0.0,-1.6041407826380139,-0.0,-0.0,-0.0,-0.0,-0.0,-0.0,-0.0,-0.0
C:/Users/huang/Dropbox/AlexXuRichard/School tests/UR p&h&cs\test135.csv,-0.0,-0.0,-1.055967532508827,39.0334623308805,-1.7184315413369498,16.054460778660896,-0.0,30.26006935735418,-0.4898635917386024,-0.0,-0.24996030455322493,-0.4122154076671539,-0.0,-0.0,-0.0,101.60191399804927,-0.0,-0.0,-0.0,-0.0
C:/Users/huang/Dropbox/AlexXuRichard/School tests/UR p&h&cs\test136.csv,-0.0,-0.0,-21.603346540301658,10.28153750769405,-0.0,6.415474426829009,-0.0,-2.325900669059429,-4.854533424932687,-0.0,-1.0592689819051921,-1.6023365072772984,-0.0,-0.0,-0.0,-0.0,-0.0,-0.0,-0.0,-0.0
C:/Users/huang/Dropbox/AlexXuRichard/School tests/UR p&h&cs\test137.csv,-0.0,-0.0,-22.14437644180618,10.349223590658852,-0.0,6.461399608570888,-0.0,-2.3106160527719,-4.814952757973765,-0.0,-0.0,-1.601256184438109,-0.0,-0.0,-0.0,-0.0,-0.0,-0.0,-0.0,-0.0
C:/Users/huang/Dropbox/AlexXuRichard/School tests/UR p&h&cs\test138.csv,-0.0,-0.0,-26.18287884019683,5.4166356408990985,-0.0,7.98608476219714,-0.0,-2.817022987018928,-5.860785904364265,-0.0,-0.0,-1.963852591396554,-0.0,-0.0,-0.0,-0.0,-0.0,-0.0,-0.0,-0.0
C:/Users/huang/Dropbox/AlexXuRichard/School tests/UR p&h&cs\test139.csv,-0.0,-0.0,-1.6141915062400116,21.358186499621702,-3.724110319833467,16.6950464894727,-0.0,-1.3094452325417936,2.9016350070369024,-0.0,-0.6059064945659575,-0.9185672561345576,-0.0,-0.0,-0.0,-0.0,-0.0,-0.0,-0.0,-0.0
C:/Users/huang/Dropbox/AlexXuRichard/School tests/UR p&h&cs\test14.csv,15.81593668912291,-0.0,-11.035701418602866,-0.0,-7.460151433672462,-0.35266197713417674,-0.0,-0.5870840573402782,-0.0,-0.0,-0.6034920288520431,-0.0,-0.0,-0.0,-0.0,-0.0,-1.5863892911578645,-0.0,-0.0,-0.0
C:/Users/huang/Dropbox/AlexXuRichard/School tests/UR p&h&cs\test140.csv,-0.0,-0.0,-12.027648785506313,-0.0,-0.0,17.436441604296807,-0.0,-0.0,-3.009261855769503,-0.0,-0.6726355796027674,-1.0273578313045895,-0.0,-0.0,-0.0,-0.0,-1.8464374811220619,-0.0,-0.0,-0.0
C:/Users/huang/Dropbox/AlexXuRichard/School tests/UR p&h&cs\test141.csv,-0.0,-0.0,-20.833791453983903,10.563296280006305,-0.0,6.693705423500342,-0.0,-2.262000440990964,-4.645367045399917,-0.0,-1.0420690245765625,-1.597204292441326,-0.0,-0.0,-0.0,-0.0,-0.0,-0.0,-0.0,-0.0
C:/Users/huang/Dropbox/AlexXuRichard/School tests/UR p&h&cs\test142.csv,-0.0,-0.0,-20.711332940101812,10.629841639196563,-0.0,6.738754484245055,-0.0,-2.2468020598290335,-4.606225474154512,-0.0,-1.037539058296328,-1.5961255087278932,-0.0,-0.0,-0.0,-0.0,-0.0,-0.0,-0.0,-0.0
C:/Users/huang/Dropbox/AlexXuRichard/School tests/UR p&h&cs\test143.csv,-0.0,-0.0,-25.26861478077603,5.696117583977141,-0.0,8.325402983301643,-0.0,-2.7388115050536186,-5.605158360415584,-0.0,-0.0,-1.9575577413855105,-0.0,-0.0,-0.0,-0.0,-0.0,-0.0,-0.0,-0.0
C:/Users/huang/Dropbox/AlexXuRichard/School tests/UR p&h&cs\test15.csv,-9.057812042411996,-0.0,-22.99069273803775,-0.0,-0.0,-0.6134175488132065,-0.0,-1.2406679104778917,-0.0,-0.0,-1.2677880538253097,-0.0,-0.0,-0.0,-0.0,-0.0,-3.364071309099318,-0.0,-0.0,-0.0
C:/Users/huang/Dropbox/AlexXuRichard/School tests/UR p&h&cs\test16.csv,36.55903274254701,-0.0,-4.909005196792423,-0.0,-4.444371803669634,3.377195082053313,-0.0,-0.3246244500537838,-0.0,-0.4957711819596473,-0.33052927242228664,-0.0,-0.0,-0.0,1.5254488968900723,-0.0,-0.8775696450010602,-0.0,-0.0,-0.0
C:/Users/huang/Dropbox/AlexXuRichard/School tests/UR p&h&cs\test17.csv,36.21546236770891,-0.0,-6.065581946701594,-0.0,-5.901275208992156,-0.01725207322276676,-0.0,-0.4067109094698048,-0.0,-0.0,-0.4127843795912438,-0.0,-0.0,-0.0,0.40779726471555117,-0.0,-1.0969044659476093,-0.0,-0.0,-0.0
C:/Users/huang/Dropbox/AlexXuRichard/School tests/UR p&h&cs\test18.csv,19.905543705654864,-0.0,-6.372805318859027,-0.0,5.419782043602489,-0.4195042400650042,-0.0,-0.32416837377081453,-0.0,-0.1418917491877017,-0.32794027260254177,-0.0,-0.0,-0.0,-0.0,-0.0,-0.8721801463131555,-0.0,-0.0,-0.0
C:/Users/huang/Dropbox/AlexXuRichard/School tests/UR p&h&cs\test19.csv,2.4742679734325175,-0.0,-6.8940357554139995,-0.0,-4.541408418353717,-0.003859488056888338,-0.0,-0.3401415527454108,-0.0,-0.0,-0.34298912320822494,-0.0,-0.0,-0.0,4.232472867687196,-0.0,-0.9130004258441884,-0.0,-0.0,-0.0
C:/Users/huang/Dropbox/AlexXuRichard/School tests/UR p&h&cs\test2.csv,6.446577541118993,-0.0,-12.152910643671241,-0.0,-8.5129763130783,-0.77523681099668,-0.0,-0.6042750156674609,-0.0,-0.0,-0.0,-0.0,-0.0,-0.0,-0.0,-0.0,-1.6181284221052865,-0.0,-0.0,-0.0
C:/Users/huang/Dropbox/AlexXuRichard/School tests/UR p&h&cs\test20.csv,5.130650196906302,-0.0,-4.487423200453697,-0.0,-4.017717049125269,-0.40428777752439105,-0.0,-0.3159452146272711,-1.4706224127230494,-0.4813952002062298,-0.0,-0.0,-0.0,-0.0,-0.0,-0.0,-0.8438551225282703,-0.0,-0.0,-0.0
C:/Users/huang/Dropbox/AlexXuRichard/School tests/UR p&h&cs\test21.csv,94.90707167222381,-0.0,-4.330759436195867,-0.0,-3.0215402903934203,0.006540473681451715,-0.0,-0.2172202869209146,-0.0,2.423201032229117,0.14724533410369686,-0.9249583086387473,-0.0,-0.0,-0.0,-0.0,-0.5787939603850307,-0.0,-0.0,-0.0
C:/Users/huang/Dropbox/AlexXuRichard/School tests/UR p&h&cs\test22.csv,86.02890539015003,-0.0,-4.6478517576140845,-0.0,-3.112052686616551,-0.29669454954816066,-0.0,-0.2339188160725044,-0.9456123411921393,-0.3495528927685637,-0.20627114679284533,-0.0,-0.0,-0.0,0.15484797998197594,-0.0,-0.621848805289862,-0.0,-0.0,-0.0
C:/Users/huang/Dropbox/AlexXuRichard/School tests/UR p&h&cs\test23.csv,50.15024585415752,-0.0,-3.164702338385286,-0.0,-1.7470305247379736,-0.42886684012682985,-0.0,-0.33895617816180423,-0.0,-0.5072126639685733,-0.0,-1.3113770852108524,-0.0,-0.0,0.2263044147046398,-0.0,-0.8989807200166039,-0.0,-0.0,-0.0
C:/Users/huang/Dropbox/AlexXuRichard/School tests/UR p&h&cs\test24.csv,-0.0,-9.73581781525528,-7.513782892603179,-0.0,-6.324039075464307,13.698976952403564,-0.0,-0.0,-0.0,-0.0,15.661524843621253,-0.7801973485769887,-0.0,-0.0,-0.0,0.46017636397797834,-1.3487049315147144,-0.0,-0.024217887375782156,1.6979689526491593
C:/Users/huang/Dropbox/AlexXuRichard/School tests/UR p&h&cs\test25.csv,-0.0,-12.836347443214072,-10.606766041363864,-0.0,-1.500496149633811,8.398818451464534,-0.0,-0.0,-0.0,-0.0,-0.5419121394805538,-0.8752722949451572,-0.0,-0.0,-0.0,-0.0,-1.5061569982850342,-0.0,-0.0,6.052600783511413
C:/Users/huang/Dropbox/AlexXuRichard/School tests/UR p&h&cs\test26.csv,-0.0,-23.238211274223342,-19.127008592163662,-0.0,-2.722072860506635,15.317608579979865,-0.0,-0.0,-0.0,-0.0,-0.9793151991956425,-1.5875948479729118,-0.0,-0.0,-0.0,-0.0,-2.7192176843993403,-0.0,-0.0,3.5337980365812345
C:/Users/huang/Dropbox/AlexXuRichard/School tests/UR p&h&cs\test27.csv,-0.0,-10.532918405772614,-3.9158868468322288,-0.0,-4.532695130421554,15.518506003714087,-0.0,18.665258590567785,-2.2339969853299864,-0.0,38.73590567818643,-0.8742043172300589,-0.0,-0.0,-0.0,-0.0,-1.48962982550604,-0.0,-0.0,1.9636749844976413
C:/Users/huang/Dropbox/AlexXuRichard/School tests/UR p&h&cs\test28.csv,-0.0,38.851920107685764,33.63094871978435,-0.0,-1.44804628521565,26.844776702766833,-0.0,-0.07861529999388035,-0.3776683165925745,1.9498168414628032,18.491721268905867,-0.48104200713282724,-0.0,-0.0,-0.0,-0.0,-0.8158387440144684,-0.0,23.03448968186696,1.0913405603249324
C:/Users/huang/Dropbox/AlexXuRichard/School tests/UR p&h&cs\test29.csv,-0.0,19.054948771217404,6.806903075325858,-0.0,-4.978037196923384,6.086237608117778,-0.0,-0.0,-0.0,-0.5741384053627865,15.35906594328864,-1.7150897653167525,-0.0,-0.0,-0.0,-0.0,-1.0471302329973546,-0.0,-0.0,1.4216674346451796
C:/Users/huang/Dropbox/AlexXuRichard/School tests/UR p&h&cs\test3.csv,40.27109506122571,-0.0,-7.265116899112792,-0.0,-5.172444432706695,-0.4544007546673082,-0.0,-0.3830115358416469,-0.0,-0.0,-0.3585361452800269,-0.0,-0.0,-0.0,0.26063721272848206,-0.0,-0.99873218123603,-0.0,-0.0,-0.0
C:/Users/huang/Dropbox/AlexXuRichard/School tests/UR p&h&cs\test30.csv,-0.0,7.257155456354177,-3.500838250861511,-0.0,-3.849725875571788,13.516772789112432,-0.0,-0.0,-2.0911689546608945,-0.0,0.9829936530106719,-0.7482317053239605,-0.0,-0.0,-0.0,-0.0,-1.256042886515081,-0.0,17.15815331253589,10.62629600065303
C:/Users/huang/Dropbox/AlexXuRichard/School tests/UR p&h&cs\test31.csv,-0.0,5.929154680210738,1.6853909112950403,14.552834147519528,-4.729632314607076,49.74340007419434,-0.0,16.133930534770833,-2.013699700930944,0.31472464674315626,25.860163924147283,-0.6988025297567795,-0.0,-0.0,-0.0,-0.0,-1.1675531567841761,-0.0,15.057826610895406,1.6441700851989802
C:/Users/huang/Dropbox/AlexXuRichard/School tests/UR p&h&cs\test32.csv,-0.0,49.661259463898446,-3.6504040921053464,-0.0,1.62428288680065,7.826516101114853,-0.0,-0.0,-0.0,-0.39407127740104014,45.18718406533615,-0.4303545622535428,-0.0,-0.0,-0.0,-0.0,-0.7156592416004635,-0.0,-0.0,3.096060020507674
C:/Users/huang/Dropbox/AlexXuRichard/School tests/UR p&h&cs\test33.csv,-0.0,-0.10810220565311429,-2.84234095987484,-0.0,-5.335081945254362,12.355998757992648,-0.0,-0.0,-0.0,-0.0,53.240932000503854,-2.041815905627928,-0.0,-0.0,-0.0,-0.0,-1.1189881435435851,-0.0,1.5760447577886438,1.6272005007391377
C:/Users/huang/Dropbox/AlexXuRichard/School tests/UR p&h&cs\test34.csv,-0.0,-16.925274248841397,-11.782866382836144,-0.0,-9.235420764039816,12.329408373811793,-0.0,-1.3511558253151688,-3.5791216645990005,-0.0,14.62435391781036,-3.806402834473774,-0.0,-0.0,-0.0,-0.0,-2.00364414209252,-0.0,0.02850016479699509,2.9555618026593287
C:/Users/huang/Dropbox/AlexXuRichard/School tests/UR p&h&cs\test35.csv,-0.0,-6.77139879511465,2.8699737466696433,-0.0,-2.0783924352168532,27.73962518656158,-0.0,-0.0,-0.0,-0.0,0.5960667601407229,-2.7153125453368308,-0.0,-0.0,-0.0,-0.0,-1.4835447334922047,-0.0,-0.0,2.218928658381199
C:/Users/huang/Dropbox/AlexXuRichard/School tests/UR p&h&cs\test36.csv,-0.0,24.1747603067368,38.048637820569766,-0.0,12.537943000280446,15.04984791464034,-0.0,-0.0,-1.4220396883671407,0.24869492965875106,0.9842862037962854,-0.5154276853505726,-0.0,-0.0,-0.0,-0.0,-0.8456659873856804,-0.0,-0.0,1.2827115600184285
C:/Users/huang/Dropbox/AlexXuRichard/School tests/UR p&h&cs\test37.csv,-0.0,13.636841469886193,-2.4344654463623825,-0.0,-3.4395865489122337,19.974113614903043,-0.0,-0.6288633855488975,-1.9870939733512338,12.70856493670712,0.47177581186537887,-0.6813661671490007,-0.0,-0.0,-0.0,-0.0,-1.1126751935890753,-0.0,-0.0,1.7118660409855655
C:/Users/huang/Dropbox/AlexXuRichard/School tests/UR p&h&cs\test38.csv,-0.0,11.395811647096684,38.39837801338674,-0.0,-4.20579904772384,15.144941109924666,-0.0,-0.0,-0.0,5.327704697065195,12.401398894486148,-0.5149145231255801,-0.0,-0.0,-0.0,-0.0,-0.8367973653540438,-0.0,0.014574129728273058,1.305624898538421
C:/Users/huang/Dropbox/AlexXuRichard/School tests/UR p&h&cs\test39.csv,-0.0,39.04156757062715,6.563732771642674,-0.0,-2.4395881944653306,9.142701050982236,-0.0,-0.0,-0.0,-0.0,17.490642709459603,-0.48508766914883183,-0.0,-0.0,-0.0,-0.0,-0.7845857257942489,-0.0,-0.0,1.2415299314356447
C:/Users/huang/Dropbox/AlexXuRichard/School tests/UR p&h&cs\test4.csv,-19.60854499975092,-0.0,-33.23304753635022,-0.0,-0.0,-2.7524022952593574,-0.0,-2.6395996980883427,-0.0,-0.0,-2.154451927476943,-0.0,-0.0,-0.0,-0.0,-0.0,-6.6813004827001015,-0.0,-0.0,-0.0
C:/Users/huang/Dropbox/AlexXuRichard/School tests/UR p&h&cs\test40.csv,-0.0,-11.764268735326802,-12.043511216423544,0.9305507925321006,-5.888240395130931,12.394936240193736,-0.0,6.81998980139166,-2.701670714137459,-0.0,-0.44332136771512926,-1.1717362513496343,-0.0,-0.0,-0.0,-0.0,-1.8723312736972746,-0.0,-0.0,3.0269199525098505
C:/Users/huang/Dropbox/AlexXuRichard/School tests/UR p&h&cs\test41.csv,-0.0,9.429108870889095,10.515842469835254,-0.0,-6.04568423299916,14.068669997492442,-0.0,-0.6538129275451998,-1.8635712972130862,-0.0,1.1667149155268237,-0.7395933855031075,-0.0,-0.0,-0.0,-0.0,-1.1755748777791666,-0.0,5.231212956447548,5.593879423542958
C:/Users/huang/Dropbox/AlexXuRichard/School tests/UR p&h&cs\test42.csv,-0.0,20.621703571816667,3.7243095255187453,-0.0,-0.0,11.833202555059618,-0.0,-0.0,-1.5584172001894827,0.3488376757216188,41.62536584662724,-0.619627059283594,-0.0,-0.0,-0.0,-0.0,-0.9799558543910979,-0.0,-0.0,4.7128226468992525
C:/Users/huang/Dropbox/AlexXuRichard/School tests/UR p&h&cs\test43.csv,-0.0,-20.186481462887038,-16.756943024312914,-0.0,-0.0,16.75614922932952,-0.0,-0.0,-0.0,-0.0,-0.7651023838960654,-1.5597566102277218,-0.0,-0.0,-0.0,-0.0,-2.454568740090471,-0.0,-0.0,4.1526517117034585
C:/Users/huang/Dropbox/AlexXuRichard/School tests/UR p&h&cs\test44.csv,-0.0,29.004556923602387,-1.2588310072379538,-0.0,-4.455523565060835,16.6145067721616,-0.0,-0.0,10.19375421346968,5.802492422113809,4.204093622581315,-1.4825899511562843,-0.0,-0.0,-0.0,-0.0,-0.8665260925315651,-0.0,18.483904755338052,1.4853820497529886
C:/Users/huang/Dropbox/AlexXuRichard/School tests/UR p&h&cs\test45.csv,-0.0,91.1948218753287,8.299209522910825,-0.0,-1.830488465194145,5.887506276003597,-0.0,-0.0,-0.7598316802639065,-0.2617649624471834,21.363081015611215,-0.3039351094433465,-0.0,-0.0,-0.0,-0.0,-0.03216069545240512,-0.0,-0.0,0.8248496662901794
C:/Users/huang/Dropbox/AlexXuRichard/School tests/UR p&h&cs\test46.csv,-0.0,-9.460274459544548,11.988624412095362,-0.0,-5.937276058913709,8.5050823833338,-0.0,-0.0,-0.0,-0.0,6.01418507020678,-0.7763775881141866,-0.0,-0.0,-0.0,-0.0,-1.2020797441828375,-0.0,-0.0,2.126152956253293
C:/Users/huang/Dropbox/AlexXuRichard/School tests/UR p&h&cs\test47.csv,-0.0,10.540026136803249,4.253673943649877,-0.0,-4.3926638249505165,14.366516862663621,-0.0,-0.0,-0.0,-0.0,0.6713745433922221,-2.1984800486991656,-0.0,-0.0,-0.0,-0.0,-1.1322907102928501,-0.0,0.04347443572880503,11.174702972939265
C:/Users/huang/Dropbox/AlexXuRichard/School tests/UR p&h&cs\test48.csv,-0.0,14.728123196978132,19.331773001748218,-0.0,-5.427633462077749,7.597415255144639,-0.0,-0.0,-1.824159266172916,-0.0,17.126083222551717,-2.0486616776710878,-0.0,-0.0,-0.0,-0.0,-1.0519897984881135,-0.0,-0.0,5.394876767188659
C:/Users/huang/Dropbox/AlexXuRichard/School tests/UR p&h&cs\test49.csv,-0.0,15.915458730593606,-4.112645331943179,-0.0,2.8706689307409516,7.50908485290423,-0.0,-0.0,-0.0,-0.5793188033980384,1.200241488426651,-0.6722787796550903,-0.0,-0.0,-0.0,-0.0,-1.0291146915001967,-0.0,-0.0,1.9043683170539587
C:/Users/huang/Dropbox/AlexXuRichard/School tests/UR p&h&cs\test5.csv,21.511327652069934,-0.0,-3.7731017753884095,-0.0,-6.256894334612108,-0.4586280074569935,-0.0,-0.5119365252544035,-2.042909797320827,-0.0,-0.3561592110103381,-0.0,-0.0,-0.0,-0.0,-0.0,-1.2419994396714702,-0.0,-0.0,-0.0
C:/Users/huang/Dropbox/AlexXuRichard/School tests/UR p&h&cs\test50.csv,-0.0,8.040509378413793,5.16457498637438,-0.0,-2.3392765391048918,3.494705514005326,-0.0,-0.42022000950290783,-0.7756128572200499,-0.0,7.838715323907423,-0.3108928839832843,-0.0,-0.0,-0.0,-0.0,-0.47118926697847197,-0.0,-0.0,2.477905783258625
C:/Users/huang/Dropbox/AlexXuRichard/School tests/UR p&h&cs\test51.csv,-0.0,-15.319412783561862,-6.986488540279275,-0.0,-9.192263041170065,24.439257168041706,-0.0,-0.0,-0.0,-0.32648305589109267,2.267556440503358,-1.2247333756026169,-0.0,-0.0,-0.0,-0.0,-1.846889932728109,-0.0,-0.0,18.987864675017708
C:/Users/huang/Dropbox/AlexXuRichard/School tests/UR p&h&cs\test52.csv,-0.0,16.475634619964268,5.558282833771863,-0.7877015483466174,-5.019716164109301,7.611371693230576,-0.0,-0.0,-1.7648955280486702,-0.0,3.7272330824437163,-0.6712068317591466,-0.0,-0.0,-0.0,-0.0,-1.006435917830489,-0.0,-0.0,1.952042195831202
C:/Users/huang/Dropbox/AlexXuRichard/School tests/UR p&h&cs\test53.csv,-0.0,-7.414652136298571,-4.347241651140151,-0.0,-5.964314645816903,16.056147642162177,-0.0,-0.0,-0.0,-0.0,0.8354548160803894,-0.7998691223836852,-0.0,-0.0,-0.0,-0.0,-1.1929696140139858,-0.0,-0.0,43.62103783193971
C:/Users/huang/Dropbox/AlexXuRichard/School tests/UR p&h&cs\test54.csv,-0.0,-2.1723855520343776,-5.134372050758432,-0.0,-7.186343744075971,30.157986960184314,-0.0,-0.0,-2.401511231482189,-0.0,2.325176089815408,-0.9667563571840019,-0.0,-0.0,-0.0,-0.0,-1.4340236320374264,-0.0,-0.0,7.838699939093764
C:/Users/huang/Dropbox/AlexXuRichard/School tests/UR p&h&cs\test55.csv,-0.0,-11.309647331708625,0.6649682184592081,-0.0,-4.948926043912997,20.46053912703182,-0.0,-0.0,-0.0,-0.0,1.087849717277157,-1.0133292936641571,-0.0,-0.0,-0.0,-0.0,-1.4947031483342719,-0.0,-0.0,3.0112556243200554
C:/Users/huang/Dropbox/AlexXuRichard/School tests/UR p&h&cs\test56.csv,-0.0,10.173695552758105,-6.466123010157818,-0.0,-5.584266700684506,15.286287921172775,-0.0,-0.0,-0.0,-0.648461357543065,11.86963560733501,-0.7549473020500249,-0.0,-0.0,-0.0,-0.0,-1.1072805634778182,-0.0,0.048639842442086405,2.2600519409274993
C:/Users/huang/Dropbox/AlexXuRichard/School tests/UR p&h&cs\test57.csv,-0.0,-10.644821433285443,-10.352309570340513,-0.0,-0.0,14.138139212890083,-0.0,-0.0,-0.0,-0.0,1.3533179641546116,-0.0,-0.0,-0.0,-0.0,-0.0,-1.7803573386252511,-0.0,-0.0,3.682143937419056
C:/Users/huang/Dropbox/AlexXuRichard/School tests/UR p&h&cs\test58.csv,-0.0,37.53592683162664,10.13809784673055,-0.0,-3.732007672311121,10.306003302388367,-0.0,-0.0,-0.0,-0.0,4.647074597353665,-0.5060950530139967,-0.0,-0.0,-0.0,-0.0,-0.7334066215921414,-0.0,43.33963098776083,4.172095021721852
C:/Users/huang/Dropbox/AlexXuRichard/School tests/UR p&h&cs\test59.csv,-0.0,42.416854628833164,57.296609378440216,-0.0,11.669295832450919,13.505307912961609,-0.0,-0.0,-0.15459412466529726,-0.3654496561926514,3.165245871937863,-1.2748222614206592,-0.0,-0.0,-0.0,-0.0,-0.6163369528833802,-0.0,6.203272985310626,1.3114477633915849
C:/Users/huang/Dropbox/AlexXuRichard/School tests/UR p&h&cs\test6.csv,62.63071498951095,-0.0,3.228675925296141,-0.0,-3.3599406588329237,-0.21397300660837912,-0.0,-0.2829167442158162,-1.01924553217791,-0.0,-0.16129832259268706,-0.0,-0.0,-0.0,-0.0,-0.0,-0.6546377307931833,-0.0,-0.0,-0.0
C:/Users/huang/Dropbox/AlexXuRichard/School tests/UR p&h&cs\test60.csv,-0.0,23.908587635430443,28.630515105955453,-0.0,-3.1019488282933727,18.28470934168337,-0.0,-0.8240366704722085,-0.0,-0.0,32.289755106690336,-0.6087691932077054,-0.0,-0.0,-0.0,-0.0,-0.869932024409372,-0.0,-0.0,1.8847340913839432
C:/Users/huang/Dropbox/AlexXuRichard/School tests/UR p&h&cs\test61.csv,-0.0,41.08709537779713,2.479480614758839,-0.0,-2.3394317450919653,9.384393261568393,-0.0,-0.0,-0.0,-0.4259483617919798,2.8538251266460186,-1.3823614823968,-0.0,-0.0,-0.0,-0.0,-0.6917146412841215,-0.0,-0.0,4.077025110826146
C:/Users/huang/Dropbox/AlexXuRichard/School tests/UR p&h&cs\test62.csv,-0.0,-0.6725562144596492,-4.242251807230652,-0.0,-3.749307320624898,38.267531781253425,-0.0,-0.0,-0.0,-0.0,5.897056691616009,-0.8787066162258086,-0.0,-0.0,-0.0,-0.0,-1.2434596831758613,-0.0,-0.0,14.13439017976075
C:/Users/huang/Dropbox/AlexXuRichard/School tests/UR p&h&cs\test63.csv,-0.0,12.591174865120033,0.33599495430930554,-0.0,-2.2797891345919945,6.517410005471832,-0.0,0.579607753866308,-0.7090915225131198,0.21124594978567995,2.6588209125323004,-0.3126962242219654,-0.0,-0.0,-0.0,-0.0,-0.43991940635627497,-0.0,-0.0,0.9949225680521772
C:/Users/huang/Dropbox/AlexXuRichard/School tests/UR p&h&cs\test64.csv,-0.0,13.526241832427397,2.816378399878266,-0.0,-2.154361895840149,6.261457603655976,-0.0,-0.0,-0.7392025961596097,-0.25121009353524454,7.3934799056143605,-0.2989650384933555,-0.0,-0.0,-0.0,-0.0,-0.41829997800219404,-0.0,-0.0,2.5448100812957297
C:/Users/huang/Dropbox/AlexXuRichard/School tests/UR p&h&cs\test65.csv,-0.0,-2.105341690465572,-3.774624086826003,-0.0,-7.228934384819351,12.200347256407502,-0.0,-0.0,-0.0,-0.0,21.940356600972496,-1.0058185417208974,-0.0,-0.0,-0.0,-0.0,-1.3995663424884728,-0.0,-0.0,3.2591902524324694
C:/Users/huang/Dropbox/AlexXuRichard/School tests/UR p&h&cs\test66.csv,-0.0,-15.930826137062873,-13.628754721876884,-0.0,-0.0,18.586370863655088,-0.0,-0.0,-0.0,-0.0,-0.0,-1.5264526518104793,-0.0,-0.0,-0.0,-0.0,-2.111232906477488,-0.0,-0.0,4.979707998552211
C:/Users/huang/Dropbox/AlexXuRichard/School tests/UR p&h&cs\test67.csv,-0.0,-8.506816635094722,-8.688345482565092,-0.0,-5.616900719125394,24.888421735524712,-0.0,-0.0,-0.0,-0.0,1.5450217061320215,-1.1767333521828183,-0.0,-0.0,-0.0,-0.0,-1.6170978782116916,-0.0,-0.0,3.86188517228084
C:/Users/huang/Dropbox/AlexXuRichard/School tests/UR p&h&cs\test68.csv,-0.0,-6.960171249874324,-13.420876178753655,-0.0,-0.0,18.657323120338567,-0.0,-0.0,-0.0,-0.0,0.9439411692204904,-1.5244423995975558,-0.0,-0.0,-0.0,-0.0,-2.081909922962388,-0.0,-0.0,-0.0
C:/Users/huang/Dropbox/AlexXuRichard/School tests/UR p&h&cs\test69.csv,-0.0,0.4152160594806526,10.017124349689674,-0.0,-6.134748382558224,18.197861890900118,-0.0,-0.0,-0.0,-0.7179477713889673,5.94357109617598,-0.8569043082082409,-0.0,-0.0,-0.0,-0.0,-1.1626619506519489,-0.0,12.587257575191346,7.425653490253151
C:/Users/huang/Dropbox/AlexXuRichard/School tests/UR p&h&cs\test7.csv,-4.404943344091588,-0.0,-6.096282522586647,-0.0,-7.1256806521373335,-0.38630054669732594,-0.0,-0.6142226146364529,11.215401352167275,-0.8153039467117671,-0.15127946274457793,-0.0,-0.0,-0.0,-0.0,-0.0,-1.3599532260738967,-0.0,-0.0,-0.0
C:/Users/huang/Dropbox/AlexXuRichard/School tests/UR p&h&cs\test70.csv,-0.0,33.635905028777415,11.590809669587536,-0.0,-3.8430604526488694,6.670734498667979,-0.0,-0.0,-1.330481199871538,10.65649477531406,19.149194629443894,-1.3798183121672654,-0.0,-0.0,-0.0,-0.0,-0.7254323753643177,-0.0,0.0589985430343496,1.8021200029707711
C:/Users/huang/Dropbox/AlexXuRichard/School tests/UR p&h&cs\test71.csv,-0.0,-7.084904297848397,16.484688513670676,-0.0,-5.362812412369267,16.281710340369933,-0.0,-0.0,-0.0,0.580319166443531,12.635242776250674,-2.2472955576505247,-0.0,-0.0,-0.0,-0.0,-1.014416528637029,-0.0,-0.0,2.553348536191317
C:/Users/huang/Dropbox/AlexXuRichard/School tests/UR p&h&cs\test72.csv,-0.0,-9.04648768673242,-10.523289475247243,-0.0,-7.0045519162690715,15.4889353451529,-0.0,-0.0,-0.0,-0.0,-0.18746243460375434,-1.2386810749307882,-0.0,-0.0,-0.0,-0.0,-1.6488968114590796,-0.0,-0.0,4.204601791085845
C:/Users/huang/Dropbox/AlexXuRichard/School tests/UR p&h&cs\test73.csv,-0.0,12.123741008355566,-5.41178038238161,-0.0,-4.269760211595651,9.488762239018005,-0.0,-0.0,-0.0,-0.0,-0.11447134817968192,-0.7564861358232862,-0.0,-0.0,-0.0,-0.0,-1.0004736721322405,-0.0,0.08667773729491449,2.5836283978470047
C:/Users/huang/Dropbox/AlexXuRichard/School tests/UR p&h&cs\test74.csv,-0.0,14.293280518443197,-5.159457811615384,-0.0,-4.7498439912942905,9.18405972842457,-0.0,-0.8828652687625237,-0.0,-0.0,-0.11030251378487695,-0.7290702072975235,-0.0,-0.0,-0.0,-0.0,-0.9582355101106592,-0.0,-0.0,2.5068751819055666
C:/Users/huang/Dropbox/AlexXuRichard/School tests/UR p&h&cs\test75.csv,-0.0,1.4621336337531403,3.826800111413372,-0.0,-4.469009999592604,20.65345773652701,-0.0,-0.0,-0.0,-0.0,11.38410264832648,-0.9489728807950992,-0.0,-0.0,-0.0,-0.0,-1.239496229757993,-0.0,0.11340748666589823,8.466509231732934
C:/Users/huang/Dropbox/AlexXuRichard/School tests/UR p&h&cs\test76.csv,-0.0,0.6303031332116262,-3.01402194299335,-0.0,-7.011831146145785,12.326518333527567,-0.0,-1.3107122903076132,-0.0,-0.0,2.8166885905046857,-0.9709989416968535,-0.0,-0.0,-0.0,-0.0,-1.260124733968751,-0.0,-0.0,8.700314713505461
C:/Users/huang/Dropbox/AlexXuRichard/School tests/UR p&h&cs\test77.csv,-0.0,8.797791784494173,-1.8293510760024645,-0.0,-5.687609606097633,10.386355076680951,-0.0,1.5843616893144996,-2.017609693569993,-0.0,1.184652768196796,-0.8151579775935034,-0.0,-0.0,-0.0,-0.0,-1.0510277625575792,-0.0,-0.0,2.8625358971727524
C:/Users/huang/Dropbox/AlexXuRichard/School tests/UR p&h&cs\test78.csv,-0.0,14.964602344071125,16.831448933397187,-0.0,12.920963537241798,15.968617651869891,-0.0,-0.0,-0.0,-0.0,29.055588596349832,-0.7274125728256636,-0.0,-0.0,-0.0,-0.0,-0.9318777919117325,-0.0,0.09056586635857755,6.570858825467036
C:/Users/huang/Dropbox/AlexXuRichard/School tests/UR p&h&cs\test79.csv,-0.0,-15.374954582979019,-12.144210448323838,-0.0,-0.0,19.37425415104796,-0.0,-1.8074293474545582,-0.0,-0.0,-0.3628993108127239,-1.5078896209595034,-0.0,-0.0,-0.0,-0.0,-1.9193802245607856,-0.0,-0.0,5.371927427578536
C:/Users/huang/Dropbox/AlexXuRichard/School tests/UR p&h&cs\test8.csv,-2.2895891484232385,-0.0,-6.0043098078215715,-0.0,-4.924380411431997,-0.24026596147930784,-0.0,-0.4715762234649025,-1.863424534992834,-0.0,-0.0,-0.0,-0.0,-0.0,-0.0,-0.0,-0.9999542332602243,-0.0,-0.0,-0.0
C:/Users/huang/Dropbox/AlexXuRichard/School tests/UR p&h&cs\test80.csv,-0.0,-15.25166038582419,-11.981821723609052,-0.0,-0.0,19.426343267689383,-0.0,-0.0,-0.0,-0.0,-0.0,-1.5068376222727558,-0.0,-0.0,-0.0,-0.0,-1.8938480593005682,-0.0,-0.0,5.397425877294947
C:/Users/huang/Dropbox/AlexXuRichard/School tests/UR p&h&cs\test81.csv,-0.0,14.432869601661132,3.6929980189498006,-0.0,-3.433577632115632,9.551621051453287,-0.0,-0.5940112695449132,-0.0,-0.5991103211743244,40.857542710783136,-0.7392040064550949,-0.0,-0.0,-0.0,-0.0,-0.9224901048908195,-0.0,0.09577277161629248,6.7540886562283555
C:/Users/huang/Dropbox/AlexXuRichard/School tests/UR p&h&cs\test82.csv,-0.0,34.59710899598639,29.108589752106404,-0.0,14.446174491623152,18.328447057209477,-0.0,-0.7160126168723874,-0.0,-0.4364761101703091,22.861871066813,-0.5417872075400569,-0.0,-0.0,-0.0,-0.0,0.29924959889660047,-0.0,-0.0,1.966262291127861
C:/Users/huang/Dropbox/AlexXuRichard/School tests/UR p&h&cs\test83.csv,-0.0,30.76068345349251,3.038918457479598,0.5024739898956546,0.603512484943995,19.414039767660373,-0.0,1.1666736357772987,-1.4137145735296497,-0.0,5.245537597635726,-0.5720205534164607,-0.0,-0.0,-0.0,-0.0,-0.7014551468545269,-0.0,20.084486761974656,9.833945595008293
C:/Users/huang/Dropbox/AlexXuRichard/School tests/UR p&h&cs\test84.csv,-0.0,-2.7762673255960477,5.416205918047112,-0.0,-5.408006659415684,22.14712505412847,-0.0,-1.2921189251203036,-0.0,-0.0,2.4806043112896203,-0.9900642247612956,-0.0,-0.0,-0.0,-0.0,-1.2060931977946232,-0.0,-0.0,3.650854706918679
C:/Users/huang/Dropbox/AlexXuRichard/School tests/UR p&h&cs\test85.csv,-0.0,23.08463318576824,-1.277953881967329,-0.0,-4.192714257005228,8.466349122477391,-0.0,-0.0,-1.5894490375923631,-0.0,1.9788724145578178,-0.6439432090295043,-0.0,-0.0,-0.0,-0.0,-0.779014907479339,-0.0,41.02725503710098,2.3886505971116736
C:/Users/huang/Dropbox/AlexXuRichard/School tests/UR p&h&cs\test86.csv,-3.4529829509012475,-3.2070171921573296,25.699047002921276,-0.0,-3.186554875209439,14.954342423916797,-0.0,-0.0,-1.6685856946587403,-0.5331960316011005,40.283459124824404,-0.6647051429806902,-0.0,-0.0,-0.0,-0.0,-0.09490466859628159,-0.0,-0.0,2.4814212206876594
C:/Users/huang/Dropbox/AlexXuRichard/School tests/UR p&h&cs\test87.csv,-0.0,16.396869558263745,18.169038489503055,-0.0,-3.294747973334342,9.597997399010847,-0.0,-0.941819225145855,-1.7758538339248848,-0.5769904739670746,29.397865536307656,-0.723668520749284,-0.0,-0.0,-0.0,-0.0,-0.8608578440645832,-0.0,-0.0,12.597401513596637
C:/Users/huang/Dropbox/AlexXuRichard/School tests/UR p&h&cs\test88.csv,-0.0,12.667857579356035,37.96237069221466,-0.0,-2.3318244622224813,6.827722753720328,-0.0,4.271331410808039,-1.2556848897663881,-0.0,72.47458318132223,-0.512701052732158,-0.0,-0.0,-0.0,-0.0,-0.6056802120896189,-0.0,-0.0,1.941388426605464
C:/Users/huang/Dropbox/AlexXuRichard/School tests/UR p&h&cs\test89.csv,-0.0,36.736688476734926,13.597328163807449,-0.0,-3.551307048807982,18.373977454086006,-0.0,-0.0,-0.0,-0.0,9.993829711312769,-0.5326715448464274,-0.0,-0.0,-0.0,-0.0,-0.6249833185913023,-0.0,-0.0,2.0300048025530963
C:/Users/huang/Dropbox/AlexXuRichard/School tests/UR p&h&cs\test9.csv,173.02551984964822,-0.0,2.294677859898784,1.6706880488986602,21.793888045755697,0.305981197362711,-0.0,-0.12287506718538792,-0.48992643323411966,-0.0,-0.034998834239191534,-0.5704837110147933,-0.0,-0.0,-0.0,-0.0,-0.016541441398432312,-0.0,-0.0,0.024225596435444585
C:/Users/huang/Dropbox/AlexXuRichard/School tests/UR p&h&cs\test90.csv,-0.0,7.907243779673561,19.47344998993202,-0.0,1.3276855498986526,17.12468410401853,-0.0,-0.0,9.004363482249767,-0.5943839633074526,1.2458737127559105,-2.195379193436374,-0.0,-0.0,-0.0,-0.0,-0.8636537062345196,-0.0,-0.0,2.8821699255617714
C:/Users/huang/Dropbox/AlexXuRichard/School tests/UR p&h&cs\test91.csv,-0.0,-7.890028144211303,-0.38676640678834673,-0.0,-5.8388813426243855,16.093865232745497,-0.0,-1.523897354375662,-2.882828116114107,-0.0,3.816163535393139,-1.1839382199283806,-0.0,-0.0,-0.0,-0.0,-1.3611145809002037,-0.0,18.049831150470347,4.602556292966649
C:/Users/huang/Dropbox/AlexXuRichard/School tests/UR p&h&cs\test92.csv,-0.0,43.211369026887965,13.007711812591268,-0.0,-2.198957621039858,24.181757972707725,-0.0,-0.0,2.4031182537151228,-0.0,4.682813847785181,-1.4393479720220244,-0.0,-0.0,-0.0,-0.0,0.37072378840531395,-0.0,-0.0,4.71964925908422
C:/Users/huang/Dropbox/AlexXuRichard/School tests/UR p&h&cs\test93.csv,-0.0,-13.551667540333233,-10.430805961561026,-0.0,-0.0,20.406933333040854,-0.0,-0.0,-0.0,-0.0,-0.22788740393442775,-1.486799609922723,-0.0,-0.0,-0.0,-0.0,-1.6789213875044915,-0.0,-0.0,5.867013414230185
C:/Users/huang/Dropbox/AlexXuRichard/School tests/UR p&h&cs\test94.csv,-0.0,-3.7214725745766524,7.041613595461683,-0.0,-4.391556724913004,13.456290233836018,-0.0,-0.0,-0.0,-0.0,2.6601958479813104,-2.8663195909051606,-0.0,-0.0,-0.0,-0.0,-1.0961406577248856,-0.0,-0.0,3.879652438518162
C:/Users/huang/Dropbox/AlexXuRichard/School tests/UR p&h&cs\test95.csv,-0.0,37.665060407811126,14.337779405610112,-0.0,-2.3648814221244194,13.119684947757165,-0.0,-0.0,-0.0,0.45048661678546187,15.012498640047086,-1.5406148317056478,-0.0,-0.0,-0.0,-0.0,-0.5864985710025777,-0.0,0.08823096539309606,19.88958609846447
C:/Users/huang/Dropbox/AlexXuRichard/School tests/UR p&h&cs\test96.csv,-0.0,-0.16658588997546775,7.339672733109168,5.58501056637671,-4.807403110346003,22.86876737843187,-0.0,14.99706937439259,4.8770089660948015,-0.0,5.989866742116635,-0.9739981367146808,-0.0,-0.0,-0.0,-0.0,-1.0786484336645963,-0.0,2.7268991933645594,9.581573058719757
C:/Users/huang/Dropbox/AlexXuRichard/School tests/UR p&h&cs\test97.csv,-0.0,10.886166530038698,21.475949361720062,-1.1151610240978647,8.141784880710144,11.007618991998871,-0.0,-0.9283770471981542,0.08970814585524875,33.40940727654147,26.074639188741116,-2.1198962167142175,-0.0,-0.0,-0.0,2.7089105145517833,-0.7974063196038562,-0.0,-0.0,2.9482243105883095
C:/Users/huang/Dropbox/AlexXuRichard/School tests/UR p&h&cs\test98.csv,-0.0,19.950061394885367,41.61167426308962,-0.8147182933981544,-1.6594527521851066,12.553209722255595,-0.0,-0.6778139566454272,-1.2768366839337724,0.478515317451558,29.35906738898059,-1.5491881801949912,-0.0,-0.0,-0.0,-0.0,-0.5800047608605641,-0.0,-0.0,8.965780075711237
C:/Users/huang/Dropbox/AlexXuRichard/School tests/UR p&h&cs\test99.csv,-0.0,-0.0,-6.9845151316957255,11.30251396347772,-0.0,11.49379226296734,-0.0,-1.7437360418662078,-3.4465322276460024,-0.0,-0.16256155328510405,-1.4716438694620366,-0.0,-0.0,-0.0,-0.0,-0.0,-0.0,-0.0,-0.0
C:/Users/huang/Dropbox/AlexXuRichard\School tests/UB p&h&cs\test0.csv,253.14282543730147,-0.0,96.08592560170295,-0.0,1.8216493091795625,-0.0,-0.0,-0.0,3.897406939121241,1.3477789431383187,-0.017223160740494254,-0.40812333685175434,0.7302667470640596,274.7187096218451,2.8791493370660035,-0.0,9.830938816426508,3.3077784477560517,-0.0,-0.0
C:/Users/huang/Dropbox/AlexXuRichard\School tests/UB p&h&cs\test1.csv,325.25965610354723,-0.0,63.32235259873003,-0.0,4.474313096736434,-0.0,-0.0,-0.0,0.8127252043374767,0.968787029016108,-0.013708511345841008,-0.32312172398377154,2.5770442888661256,19.610377535768446,-0.0,-0.0,7.865851872073771,2.6517954306147185,-0.0,-0.0
C:/Users/huang/Dropbox/AlexXuRichard\School tests/UB p&h&cs\test10.csv,223.3760137711442,-0.0,54.989982878075416,-0.0,18.451310357286367,-0.0,-0.0,-0.0,0.7187490552447974,1.5285644205076867,-0.019240908465816792,-0.45112648157703933,3.648059019752185,1.6419965136458916,0.7246312370982217,-0.0,11.099903683536755,3.74914235982368,-0.0,-0.0
C:/Users/huang/Dropbox/AlexXuRichard\School tests/UB p&h&cs\test100.csv,-0.8714438737297129,-0.0,19.75402352781709,12.521855469909443,-0.7533815808208127,-0.0,-0.6613296206056387,13.914815353988997,9.92422682260503,19.845412559689898,-0.021921187565497914,0.1362874540071151,1.5259572454653703,-0.0,-0.0,-0.0,-0.0,4.301603886465133,-0.0,-0.0
C:/Users/huang/Dropbox/AlexXuRichard\School tests/UB p&h&cs\test101.csv,-0.8690516213141007,-0.0,10.223131341715014,22.721377430232533,2.4776124309738297,-0.0,-0.6593765311116924,24.560597974002352,19.261139129105217,10.537463118849196,-0.02190246660285909,0.14592098192691025,1.5438217437551665,-0.0,-0.0,-0.0,-0.0,4.327762785919974,-0.0,-0.0
C:/Users/huang/Dropbox/AlexXuRichard\School tests/UB p&h&cs\test102.csv,-0.866659850968882,-0.0,10.290569987023362,51.92701830551722,2.511081664546606,-0.0,0.43975634807276576,24.64434669739997,46.745595627517176,32.29473062146064,-0.0218837459831767,3.6166521020471163,1.561675769515876,-0.0,-0.0,-0.0,-0.0,4.353902516781959,-0.0,-0.0
C:/Users/huang/Dropbox/AlexXuRichard\School tests/UB p&h&cs\test11.csv,318.63605887873473,-0.0,41.02863753067552,-0.0,-0.10543662623714999,-0.0,-0.0,-0.0,11.255730092111605,1.1640154867207326,-0.01392556392254819,0.5362755698967028,2.904831227854316,4.262705031787541,-0.0,-0.0,8.095257331867714,2.789582431050479,-0.0,-0.0
C:/Users/huang/Dropbox/AlexXuRichard\School tests/UB p&h&cs\test12.csv,220.75089264845647,-0.0,23.18197232193386,-0.0,38.75007395822,-0.0,-0.0,-0.0,-0.34924136098120306,0.028082262676128265,-0.019389822165971748,3.2531895722143025,0.9404539937039507,1.6835052413675742,-0.0,-0.0,11.331978850090852,3.9116910928843067,-0.0,-0.0
C:/Users/huang/Dropbox/AlexXuRichard\School tests/UB p&h&cs\test13.csv,163.86526150413073,-0.0,31.015361422023073,-0.0,7.781401966421501,-0.0,-0.759608356586306,-0.0,-0.4497975819858122,5.825645521567021,-0.025124680390764056,4.251613897761375,1.2368098180026281,2.1936340721845156,0.9555937342566052,-0.0,23.597038581018676,5.10341324312475,-0.0,-0.0
C:/Users/huang/Dropbox/AlexXuRichard\School tests/UB p&h&cs\test14.csv,139.97916732800064,-0.0,22.10256471173317,-0.0,-0.27441184719510936,-0.0,-0.0,-0.0,-0.5104540909271091,0.05332447454557648,-0.028689216265934157,-0.6144995009044926,1.4328995884961102,2.5185427187106764,-0.0,-0.0,31.237356765122104,5.866110784466531,-0.0,-0.0
C:/Users/huang/Dropbox/AlexXuRichard\School tests/UB p&h&cs\test15.csv,140.0926119946889,-0.0,47.84627331223763,-0.0,9.000850887284976,-0.0,-0.0,-0.0,1.0685214333740494,0.05622628269045782,-0.028664426184570508,0.9825902858244562,5.736543805763773,2.5298949820003824,4.872939239800049,-0.0,17.007921553050025,5.899014090053126,-0.0,-0.0
C:/Users/huang/Dropbox/AlexXuRichard\School tests/UB p&h&cs\test16.csv,261.20559737122863,-0.0,64.20147051076512,-0.0,2.0893380522319296,-0.0,-0.5017585725698945,-0.0,8.513196435760568,0.03437159179935894,-0.01664864694015036,-0.3500000906341396,0.8593038603841394,76.57743350344882,-0.0,-0.0,18.259179066981936,3.4482934048336773,-0.0,-0.0
C:/Users/huang/Dropbox/AlexXuRichard\School tests/UB p&h&cs\test17.csv,171.3181253170941,-0.0,5.13133900078053,-0.0,2.7858881055310896,-0.0,-0.0,-0.0,-0.40922544142676553,0.052370541979204766,-0.02415750240843515,0.851148181500651,1.2645366031340899,2.1801935511143276,-0.0,-0.0,14.48507083449966,5.037568335219601,-0.0,-0.0
C:/Users/huang/Dropbox/AlexXuRichard\School tests/UB p&h&cs\test18.csv,322.43019768423136,-0.0,32.89525485055064,-0.0,1.6039787722687313,-0.0,-0.0,-0.0,-0.23095138712727237,3.2305096311937973,-0.013723418836083339,-0.2830603978590868,0.7282833556085485,1.2451348660063264,-0.0,-0.0,8.267386726178044,2.8803943741774463,-0.0,-0.0
C:/Users/huang/Dropbox/AlexXuRichard\School tests/UB p&h&cs\test19.csv,294.5418163170887,-0.0,47.47116787627406,-0.0,1.765835916405868,-0.0,-0.447783433069389,-0.0,0.697089345422824,1.175199444948614,-0.01490401381749401,-0.3055032012692168,0.8019208876083986,1.3596986328404048,-0.0,-0.0,9.02531671077176,3.149531997292644,-0.0,-0.0
C:/Users/huang/Dropbox/AlexXuRichard\School tests/UB p&h&cs\test2.csv,50.54009006685703,-0.0,108.33974233352106,0.004986044420576912,36.44485650333188,-0.0,26.87738016526122,0.16069427391188354,1.6594013589802437,0.09900205012277292,5.300368570926962,59.336975936093154,7.713890305564027,3.2104967048604696,-0.0,-0.0,35.85992963772693,7.446109417913692,-0.0,-0.0
C:/Users/huang/Dropbox/AlexXuRichard\School tests/UB p&h&cs\test20.csv,215.84512843699179,-0.0,16.940173091479558,-0.0,2.6426894370150777,-0.0,-0.0,-0.0,10.252473810086467,9.439051167897778,-0.019320926001194217,-0.3929174914662967,1.0937841313947516,6.277135915063082,-0.0,-0.0,19.692824688309326,4.219707306043966,-0.0,-0.0
C:/Users/huang/Dropbox/AlexXuRichard\School tests/UB p&h&cs\test21.csv,37.86819755829613,-0.0,70.77382707386634,-0.0,0.19217433566093295,-0.0,-0.0,-0.0,-0.632881419885042,3.2465376565157973,-0.03941897657917452,-0.7964206725380031,2.2610586741956897,3.738773940921825,1.5617884958586872,-0.0,24.72033664519827,8.66540550212034,-0.0,-0.0
C:/Users/huang/Dropbox/AlexXuRichard\School tests/UB p&h&cs\test22.csv,125.13373845320518,-0.0,1.5790856457977112,-0.0,-0.022327903684256967,-0.0,-0.0,-0.0,2.324027208232845,0.11156243006830946,-0.03083322394031263,-0.6187363988697674,1.7908248164575502,10.094111507934844,-0.0,-0.0,31.66356923921268,6.817484756651884,-0.0,-0.0
C:/Users/huang/Dropbox/AlexXuRichard\School tests/UB p&h&cs\test23.csv,183.24250874286832,-0.0,39.367920840426336,-0.0,3.1429556799854703,2.9088292774039424,-0.0,-0.0,-0.34930744793023344,1.8554372245190713,-0.02229750773840674,-0.4444340810869719,1.3114284362715443,2.1408834794715923,-0.0,-0.0,14.09912898899649,4.960149379477005,-0.0,-0.0
C:/Users/huang/Dropbox/AlexXuRichard\School tests/UB p&h&cs\test24.csv,150.35083866698628,-0.0,64.97211061785819,-0.0,4.461190042847317,-0.0,-0.0,-0.0,-0.4110429249243132,0.10436796080157716,-0.026431286829145657,-0.523296922228942,1.574298624505435,2.5510049580311454,19.472743880814885,-0.0,16.790774558427874,5.916982143651345,-0.0,-0.0
C:/Users/huang/Dropbox/AlexXuRichard\School tests/UB p&h&cs\test25.csv,153.45873000841547,-0.0,62.84854168038658,-0.0,4.429814501603032,-0.0,-0.0,-0.0,-0.4008424003523833,0.10532422021402027,-0.02596767875835785,-0.5106211264718429,1.565949323091374,2.519066861136503,-0.0,-0.0,16.569240360917735,5.849029758266917,-0.0,-0.0
C:/Users/huang/Dropbox/AlexXuRichard\School tests/UB p&h&cs\test26.csv,-0.0,55.276116771505684,7.767024263103862,-0.0,28.676097059366676,-0.0,30.882828669552545,1.1021507675580458,0.29391820694807913,0.1353881000925745,-0.0094726743635006,22.584602399231027,9.587483984371897,-0.0,-0.0,-0.0,3.516282035564452,2.146766486784345,-0.0,0.11755212400775604
C:/Users/huang/Dropbox/AlexXuRichard\School tests/UB p&h&cs\test27.csv,-0.0,89.1049587688937,7.810802659698626,-0.0,45.21768402285267,-0.0,38.45106374834451,-0.0,0.2985904685130925,8.636229024273907,-0.009464384436717018,17.040571073176217,9.632515960501143,-0.0,-0.0,-0.0,6.317719462660709,2.1592007226905015,0.22807673044071075,2.7839781712225666
C:/Users/huang/Dropbox/AlexXuRichard\School tests/UB p&h&cs\test28.csv,-0.0,45.99826070465754,0.5885071115953289,-0.0,22.926105549631867,-0.0,31.124812316161062,-0.0,0.30326180921618023,-0.0,1.5932708043899617,17.111736307513915,9.677518721742493,-0.0,-0.0,-0.0,3.5541712040001503,2.171630874131258,28.246582610368538,0.12189702687257989
C:/Users/huang/Dropbox/AlexXuRichard\School tests/UB p&h&cs\test29.csv,-0.0,66.48965005139405,5.0666855028621605,-0.0,16.944246211232556,-0.0,31.24194222003803,-0.0,0.30793222923883595,-0.0,-0.009214602521646542,17.18284193115693,9.72249228704936,-0.0,-0.0,-0.0,3.570940007355728,2.1840569424483016,1.3801668137264733,0.12287968393135744
C:/Users/huang/Dropbox/AlexXuRichard\School tests/UB p&h&cs\test3.csv,253.56618454279436,-0.0,92.91969113248761,-0.0,2.482832228992273,-0.0,-0.0,-0.0,4.151928080404247,8.342230965382015,-0.0162096898360454,-0.26028822990945644,1.1344955762957858,5.534612705535516,-0.0,-0.0,10.849865894479073,3.8673718285305703,-0.0,-0.0
C:/Users/huang/Dropbox/AlexXuRichard\School tests/UB p&h&cs\test30.csv,-0.0,116.4074622681382,8.227784078846986,-0.0,12.191645315894286,-0.0,39.41196855597822,-0.0,0.32045543552414657,-0.0,1.6012726829827877,23.36380294074991,14.160630134941272,-0.0,-0.0,-0.0,3.60667283473346,2.208347971093553,-0.0,1.0838403741468032
C:/Users/huang/Dropbox/AlexXuRichard\School tests/UB p&h&cs\test31.csv,-0.0,77.704469674393,2.4631129170113466,-0.0,37.62305096191829,-0.0,31.483568453989147,-0.0,4.017529607170066,0.1491713992914274,-0.008956543118263348,17.343428537348192,9.836662394695148,-0.0,-0.0,-0.0,3.623421374014302,2.2207619783790005,0.24349938800151338,6.420846265240509
C:/Users/huang/Dropbox/AlexXuRichard\School tests/UB p&h&cs\test32.csv,-0.0,55.82051220084223,8.04029164375893,-0.0,23.34327947846231,-0.0,31.60029768090079,-0.0,1.7309446353980222,-0.0,0.5918259264503161,17.414340086807343,9.88153271415396,-0.0,-0.0,-0.0,3.6401634488549566,2.233171907843855,-0.0,1.0073543178747741
C:/Users/huang/Dropbox/AlexXuRichard\School tests/UB p&h&cs\test33.csv,-0.0,46.924659762455356,4.82505109192321,-0.0,23.003188536631512,1.2448245263582887,42.70974643538675,2.4406682576803185,1.621112556911331,5.373846385872706,-0.00878887486706505,17.48519223806787,9.926373923601053,-0.0,-0.0,-0.0,3.6568990617505053,2.245577760827622,-0.0,1.1055096298407794
C:/Users/huang/Dropbox/AlexXuRichard\School tests/UB p&h&cs\test34.csv,-0.0,78.3855495430771,12.826353552460294,-0.0,12.483908439996517,-0.0,31.84342481297809,0.9299385700629828,0.34948894092658167,-0.0,1.6142114290805047,23.69758527509103,9.971186041921799,-0.0,-0.0,-0.0,3.6736282151950665,2.2579795386693653,-0.0,0.1352788205650274
C:/Users/huang/Dropbox/AlexXuRichard\School tests/UB p&h&cs\test35.csv,-0.0,89.38589608633302,8.171379828842515,-0.0,30.181781147515252,-0.0,31.959752134141873,-0.0,0.3541502499855346,-0.0,-0.008539270466626635,17.634138676001847,10.015969087989319,-0.0,-0.0,-0.0,3.6903509116817985,2.2703772427077094,3.968816457759889,6.475272439346185
C:/Users/huang/Dropbox/AlexXuRichard\School tests/UB p&h&cs\test36.csv,-0.0,133.28047307905976,8.748763444775756,-0.0,17.936880677211093,-0.0,49.25294651670382,-0.0,0.3588106403412051,-0.0,3.806357504026642,23.868292490254916,10.060723080664495,-0.0,-0.0,-0.0,3.707067153702895,2.2827708742808404,-0.0,0.1410050110056165
C:/Users/huang/Dropbox/AlexXuRichard\School tests/UB p&h&cs\test37.csv,-0.0,57.50822514173761,8.5248037842654,-0.025380388033964127,38.33803389392788,-0.0,32.206338537994064,-0.0,0.36347011217466124,-0.0,-0.008184488279024989,17.782817359933503,10.105448038795968,-0.0,-0.0,-0.0,3.7237769437495896,2.2951604347265024,54.14514821030905,3.0241493352588042
C:/Users/huang/Dropbox/AlexXuRichard\School tests/UB p&h&cs\test38.csv,-0.0,156.70129013775713,5.004526745755052,-0.0,37.916846266724534,-0.0,32.322260538789266,-0.0,0.3681286656669363,-0.0,-0.008176208931000588,17.853360860679057,10.15014398122015,-0.0,-0.0,-0.0,3.7404802843121514,2.307545925382003,-0.0,5.8518637082959275
C:/Users/huang/Dropbox/AlexXuRichard\School tests/UB p&h&cs\test39.csv,-0.0,108.38123264522585,5.034531548335447,-0.0,23.587701461092664,-0.0,32.43805307204205,-0.0,1.6693524816527863,-0.0,-0.008167929650967323,17.92384527151752,10.194810926761237,-0.0,-0.0,-0.0,3.7571771778798917,2.3199273475842084,-0.0,0.1499464896943013
C:/Users/huang/Dropbox/AlexXuRichard\School tests/UB p&h&cs\test4.csv,271.6732040385725,-0.0,81.53743863941564,-0.0,11.506877881499722,-0.0,-0.18758019688195898,-0.0,81.34220567203559,0.09279883079733912,-0.01349901901473101,-0.08845635793444905,1.352620883562296,5.220062163327845,6.434195497912846,-0.0,10.587677024483757,3.8584772430069996,-0.0,-0.0
C:/Users/huang/Dropbox/AlexXuRichard\School tests/UB p&h&cs\test40.csv,-0.0,91.51674169720916,2.5823830973746644,-0.0,23.741339441226593,-0.0,32.56956168812452,-0.0,0.39623788310241337,-0.0,-0.008151327447251612,18.00523402853532,10.257385372951088,-0.0,-0.0,-0.0,3.7929393203644644,2.3441766665220207,1.5369626971859467,3.548939717508376
C:/Users/huang/Dropbox/AlexXuRichard\School tests/UB p&h&cs\test41.csv,-0.0,67.64830579129082,5.133268322633409,-0.0,23.83619814540947,-0.0,32.685078022969556,-0.0,0.4008899783533805,-0.0,-0.00814304837154847,18.075591224658282,10.301982744702466,-0.0,-0.0,-0.0,3.8096159662977565,2.3565460560592593,37.333522171151806,1.1564476110190618
C:/Users/huang/Dropbox/AlexXuRichard\School tests/UB p&h&cs\test42.csv,-0.0,48.60868548647581,5.1632065188843566,-0.0,18.128875656097918,-0.0,32.800465343340385,-0.0,0.4055411567170265,-0.0,-0.008134769363834223,18.145889486929963,10.34655118351933,-0.0,-0.0,-0.0,3.8262861755395625,2.3689113824321857,9.898935609686637,1.066359383308989
C:/Users/huang/Dropbox/AlexXuRichard\School tests/UB p&h&cs\test43.csv,-0.0,118.11136426973493,8.533770519165893,-0.0,24.017556524200966,-0.0,32.91572379332688,-0.0,6.988931097051523,0.1578383115067869,-0.008126490424108311,18.21612886471559,10.391090708172177,-0.0,-0.0,-0.0,3.842949950574256,2.38127264697549,11.406563399830029,3.087516590549075
C:/Users/huang/Dropbox/AlexXuRichard\School tests/UB p&h&cs\test44.csv,-0.0,118.40124848475286,5.228551226956089,-0.0,31.233665978075795,-0.0,33.030853516857995,-0.0,1.7473043748439512,0.159429743486806,-0.008118211552370183,18.286309407339033,10.435601337419326,-0.0,-0.0,-0.0,3.85960729388525,2.3936298510234244,3.769520720237507,1.1749572035065439
C:/Users/huang/Dropbox/AlexXuRichard\School tests/UB p&h&cs\test45.csv,-0.0,91.89217125808949,8.613594953764842,-0.0,47.729930465419045,-0.0,33.14585465770194,-0.0,1.758617433238445,1.1171738308418757,-0.008109932748619271,18.356431164082846,14.978286635523332,-0.0,-0.0,-0.0,3.876258207954999,2.4059829959098016,-0.0,1.1802577357573167
C:/Users/huang/Dropbox/AlexXuRichard\School tests/UB p&h&cs\test46.csv,-0.0,93.88488095919519,2.725935470621988,-0.0,31.477606772518875,-0.0,41.52351042269348,-0.0,0.43630702496575213,-0.0,16.23639225272403,18.42649418418832,10.53070035812325,-0.0,-0.0,-0.0,6.78474225345062,2.4183320829679977,34.926425527787025,1.1855571362621191
C:/Users/huang/Dropbox/AlexXuRichard\School tests/UB p&h&cs\test47.csv,-0.0,91.53046039165308,12.84956789572892,-0.0,87.7176618205514,-0.0,44.020428005060474,-0.0,0.44095122293900374,5.427237908667622,0.313771394291076,18.496498516855482,10.575120414390408,-0.0,-0.0,-0.0,3.9138281792807983,2.43067711353095,19.250013370131946,1.1908554052625968
C:/Users/huang/Dropbox/AlexXuRichard\School tests/UB p&h&cs\test48.csv,-0.0,106.13168463717369,2.776003223494583,0.004960365541073846,31.2299188955388,-0.0,49.71983387385276,-0.0,6.848102943087237,2.895173699321757,-0.007358867665095824,18.566444211243148,10.619511652758028,-0.0,-0.0,0.30350924762860004,3.930458165694425,2.443018088931159,-0.0,1.1961525430003437
C:/Users/huang/Dropbox/AlexXuRichard\School tests/UB p&h&cs\test49.csv,-0.0,49.91741018913241,12.942513449499117,-0.0,58.8976823051513,-0.0,41.93859423068107,-0.0,5.105027666677002,0.1744219320000608,-0.007350595097180105,18.63633131646897,10.663874091921967,-0.0,-0.0,-0.0,3.9470817334257604,2.4553550105006847,1.4303315612190612,1.2014485497169018
C:/Users/huang/Dropbox/AlexXuRichard\School tests/UB p&h&cs\test5.csv,120.77979025703983,-0.0,108.51253269186195,-0.0,-0.23896593947469086,-0.0,-0.0,-0.0,-0.1953563385865689,0.2393149335659506,-0.02462425197564299,0.12496856617546286,28.4119001027349,3.142675826553718,-0.0,-0.0,35.49830167478773,8.275987242371283,-0.0,-0.0
C:/Users/huang/Dropbox/AlexXuRichard\School tests/UB p&h&cs\test50.csv,-0.0,50.085053061966235,2.837476633264742,-0.0,25.248072359283025,-0.0,33.75638296015622,-0.0,1.950495115253638,-0.0,-0.007333908243601888,18.716944495402956,10.735837152409458,-0.0,-0.0,-0.0,3.9789453707434626,2.478108755726437,-0.0,0.17585969709161725
C:/Users/huang/Dropbox/AlexXuRichard\School tests/UB p&h&cs\test51.csv,-0.0,122.31823932995465,8.861307158867008,-0.0,31.5995116654007,-0.0,33.87057379309197,-0.0,0.47738369623211224,0.17724861227600558,-0.00732563588065633,18.786705535892633,10.780124124389317,-0.0,-0.0,-0.0,3.995550223849498,2.490434150522989,0.3739844312164351,0.17683747951380308
C:/Users/huang/Dropbox/AlexXuRichard\School tests/UB p&h&cs\test52.csv,-0.0,120.61674105713996,9.17825008817494,-0.0,19.065482888121203,-0.0,33.984637091940954,-0.0,0.48201979835240716,-0.0,0.6244438033378191,25.189247067425576,25.049302877874066,-0.0,-0.0,-0.0,4.012148667973954,2.5027554966068606,-0.0,1.2113654610596323
C:/Users/huang/Dropbox/AlexXuRichard\School tests/UB p&h&cs\test53.csv,-0.0,205.38287561649594,23.966522256220376,-0.0,39.333909968829786,-0.0,34.09857299913968,0.02619958479228736,4.007765993914995,1.1528074711530596,1.4394696058607146,18.93331230461804,10.884036182817198,-0.0,0.3340919467794348,-0.0,4.028740705590507,2.515072795307994,-0.0,0.18005441759966662
C:/Users/huang/Dropbox/AlexXuRichard\School tests/UB p&h&cs\test54.csv,-0.0,109.544661916301,24.05939316843683,-0.0,31.927439881429187,-0.0,34.212381656965576,-0.0,0.4961138366783269,1.1589807093691187,-0.00693191806420839,19.002892107238768,10.928227009381464,-0.0,-0.0,-0.0,4.045326339171878,2.527386047955896,0.3757860936281074,1.2189684460326953
C:/Users/huang/Dropbox/AlexXuRichard\School tests/UB p&h&cs\test55.csv,-0.0,71.39718168959445,9.068039127925973,-0.0,25.284617344673773,-0.0,34.32606320753717,-0.0,0.5007462472516138,-0.0,-0.006923649002460814,19.07241362718245,10.972389166760962,-0.0,-0.0,-0.0,4.061905571189838,2.539695255879636,21.811469736722923,1.2242595811995507
C:/Users/huang/Dropbox/AlexXuRichard\School tests/UB p&h&cs\test56.csv,-0.0,162.4424875721707,5.665403677024466,-0.0,58.58514337419213,0.22792238017441402,42.24450745404207,-0.0,0.5053777448172573,5.724858822984273,-0.006915380008619895,19.141876913268852,11.016522673555075,-0.0,-0.0,-0.0,4.078478404115198,2.5520004204078472,0.3878348668380239,6.055968558869897
C:/Users/huang/Dropbox/AlexXuRichard\School tests/UB p&h&cs\test57.csv,-0.0,60.80870710858803,5.695066565301211,-0.0,25.953533056203362,0.2295057545958901,34.559964566563735,-0.0,0.5100083295552029,-0.0,-0.006907111082685078,19.21128201427686,11.06062754835112,-0.0,-0.0,-0.0,4.09504484041782,2.5643015428687264,-0.0,0.1900200764097222
C:/Users/huang/Dropbox/AlexXuRichard\School tests/UB p&h&cs\test58.csv,-0.0,99.49478935162506,5.724714107050775,-0.0,48.975834283088595,-0.0,34.67325791899533,-0.0,0.5146380016453613,2.958111854879417,-0.006898842224655802,19.28062897894451,11.104703809724354,-0.0,-0.0,-0.0,4.111604882566611,2.576598624590033,0.3896348231248034,3.0474741934718828
C:/Users/huang/Dropbox/AlexXuRichard\School tests/UB p&h&cs\test59.csv,-0.0,140.07883935125804,3.248483098192089,-0.0,20.095815440068392,-0.0,34.78642473969169,-0.0,0.5192667612676073,-0.0,1.6728019598378394,25.755331739453272,11.14875147623799,-0.0,-0.0,-0.0,4.128158533029524,2.5888916668990922,-0.0,0.19433463047457597
C:/Users/huang/Dropbox/AlexXuRichard\School tests/UB p&h&cs\test6.csv,137.88594495235546,-0.0,81.72204325040974,-0.0,2.642331271661566,-0.0,-0.0,-0.0,-0.09060962792476332,2.7257108234736793,-0.019989750658047176,0.3879401803524352,3.5098055563783754,2.8281854212088526,-0.0,-0.0,20.661701789648667,7.819402871119121,-0.0,-0.0
C:/Users/huang/Dropbox/AlexXuRichard\School tests/UB p&h&cs\test60.csv,-0.0,83.60186405273234,5.80092436935702,-0.0,69.34181262475806,-0.0,42.75169206119901,-0.0,4.279843341805941,2.979260399668482,-0.006641358204379675,19.436912183552565,11.209307552762148,-0.0,-0.0,-0.0,4.159889212459225,2.611751528594235,0.336941354587091,1.252718627417032
C:/Users/huang/Dropbox/AlexXuRichard\School tests/UB p&h&cs\test61.csv,-0.0,83.00462539072407,5.830517144030223,-0.0,49.4442619517454,-0.0,35.01924549434657,-0.0,0.5358798792398374,2.992719031553035,-0.006633091528749151,19.506070151847787,11.253287356683703,-0.0,-0.0,-0.0,4.176424226600641,2.624033023686303,-0.0,3.071291185218238
C:/Users/huang/Dropbox/AlexXuRichard\School tests/UB p&h&cs\test62.csv,-0.0,84.05384209141597,5.860094608450537,0.006807485089380777,26.046056423587743,-0.0,35.132025898652756,0.02780615126388492,0.5405044522736323,0.20692582796648196,-0.0066248249210056915,19.57517019081036,11.297238628323273,-0.0,-0.0,-0.0,4.192952858716249,2.636310484486104,-0.0,0.20088215173272272
C:/Users/huang/Dropbox/AlexXuRichard\School tests/UB p&h&cs\test63.csv,-0.0,86.78082809330984,19.15501733844696,0.008654377105736619,69.86239823913243,-0.0,35.24468034411007,0.9432789024501894,7.613495173134113,-0.0,-0.0066165583811487365,19.644212348964086,11.341161386191423,-0.0,-0.0,-0.0,4.209475111269323,2.648583912318844,6.349830657015596,1.2681931887569768
C:/Users/huang/Dropbox/AlexXuRichard\School tests/UB p&h&cs\test64.csv,-0.7470209566183544,0.04824646723315875,39.434077160741374,52.21579383244106,38.08286490301771,-0.0,0.09818472947101853,24.97780921155875,50.39610776274716,49.524884454248934,-0.014741574258934947,1.6943455370183598,3.4821374600641013,-0.0,-0.0,1.2008128025553941,-0.0,5.935749688213039,-0.0,-0.0
C:/Users/huang/Dropbox/AlexXuRichard\School tests/UB p&h&cs\test65.csv,-0.7446537770605328,-0.0,25.7297715976783,71.37425218748801,14.061747525562634,-0.0,2.783208843552226,25.060938847806643,69.23042838379146,34.03683081110624,-0.014722984822361056,1.7033225837996187,3.498855206070988,-0.0,-0.0,-0.0,-0.0,5.960711126146458,-0.0,-0.0
C:/Users/huang/Dropbox/AlexXuRichard\School tests/UB p&h&cs\test66.csv,-0.7422870745205937,-0.0,6.934960876485614,12.931121781820844,1.506494100799897,-0.0,2.5739870023509606,14.425180048708874,12.056063423494129,-0.0,-0.014704395726334118,1.7122958481404438,3.515563151798098,-0.0,-0.0,-0.0,-0.0,5.985654272957129,-0.0,-0.0
C:/Users/huang/Dropbox/AlexXuRichard\School tests/UB p&h&cs\test67.csv,-0.7399208489024109,-0.0,6.971070607335976,23.250818547672434,1.695590971714103,-0.0,0.10945932221739144,25.21602383817765,22.051612094043502,0.9615665587515598,-0.014685806970847896,1.7212653316345496,3.5322613029905514,-0.0,-0.0,-0.0,-0.0,6.010579142048336,-0.0,-0.0
C:/Users/huang/Dropbox/AlexXuRichard\School tests/UB p&h&cs\test68.csv,-0.7375551001098793,-0.0,15.010394916345616,23.331500492727738,1.7071672560809934,-0.0,0.11127120795534781,38.984103965658946,22.126722971740623,4.866496621705309,-0.014667218555896156,1.7302310358749806,3.5489496653901025,-0.0,-0.0,-0.0,-0.0,6.035485746813538,-0.0,-0.0
C:/Users/huang/Dropbox/AlexXuRichard\School tests/UB p&h&cs\test69.csv,-0.7351898280469119,-0.0,56.72498584358511,52.81388676689711,14.19807665171066,-0.0,0.11308276176706944,25.38785576973442,22.201729274599323,0.9774511991009429,-0.01464863048147265,1.7391929624541091,3.5656282447351395,-0.0,-0.0,1.20635231506852,-0.0,6.060374100636379,-0.0,1.3151421201821278
C:/Users/huang/Dropbox/AlexXuRichard\School tests/UB p&h&cs\test7.csv,105.88001735330081,-0.0,113.14451083599207,-0.0,17.623455622898224,-0.0,-0.0,-0.0,0.036473365803333074,0.21784493726904525,-0.012629841590676646,0.3451831092976437,11.074975085210493,1.8191435788467927,253.82013683170146,-0.0,13.436237814764148,5.253277234112675,-0.0,-0.0
C:/Users/huang/Dropbox/AlexXuRichard\School tests/UB p&h&cs\test70.csv,-0.7182919055154994,-0.0,7.1646543143402734,13.17883704400898,1.7678823313223888,-0.0,0.11489398371336303,14.679071464097088,12.289316563151528,-0.0,-0.014611491996630616,1.7534831661720216,3.6092192223203106,-0.0,-0.0,-0.0,5.459695699352748,6.110705753715135,-0.0,-0.0
C:/Users/huang/Dropbox/AlexXuRichard\School tests/UB p&h&cs\test71.csv,-0.715930515240147,-0.0,7.200562068804004,23.571271615522775,1.7794241830340716,-0.0,0.11670487385502433,14.734839659780343,12.337885263379372,-0.0,-0.01459290494308313,1.762435295565065,3.625862470435901,-0.0,-0.0,-0.0,-0.0,6.135538988182159,-0.0,-0.0
C:/Users/huang/Dropbox/AlexXuRichard\School tests/UB p&h&cs\test72.csv,0.4807620026202681,-0.0,42.031890714872645,54.14958429926961,81.86082823261178,-0.0,3.0704784234553464,58.09153941693012,122.45881858303966,127.7575031804505,5.808166857484765,1.7713836530165097,47.55898054362236,-0.0,-0.0,102.39663371326512,-0.0,6.160354025470757,-0.0,-0.0
C:/Users/huang/Dropbox/AlexXuRichard\School tests/UB p&h&cs\test73.csv,-0.7078225984533878,-0.0,26.442383110508516,23.741001631510674,1.8186524505188792,-0.0,0.12344875366206443,14.860839222279973,22.48669380916253,-0.0,-0.013984583803481054,6.861893906109272,3.6767552658551432,-0.0,-0.0,-0.0,-0.0,6.185150878915371,-0.0,-0.0
C:/Users/huang/Dropbox/AlexXuRichard\School tests/UB p&h&cs\test74.csv,-0.705463317881402,-0.0,15.470184258146892,23.820974168398774,1.830170120225705,-0.0,0.12525807662290453,25.775510599855902,22.56119893438472,141.9544906695038,-0.01396600823450303,6.539387158924959,3.693358922980331,-0.0,-0.0,12.48112005097195,-0.0,6.2099295618406725,-0.0,-0.0
C:/Users/huang/Dropbox/AlexXuRichard\School tests/UB p&h&cs\test75.csv,-0.7031045127355487,-0.0,7.38597322956917,13.48674622029122,1.8416823040217394,-0.0,0.1270670681269947,25.857456551115572,12.550555192076347,-0.0,-0.013947433005817909,1.809653363963893,3.709952846706944,-0.0,-0.0,-0.0,-0.0,6.234690087561564,-0.0,-0.0
C:/Users/huang/Dropbox/AlexXuRichard\School tests/UB p&h&cs\test76.csv,-0.7007461829200233,-0.0,26.671209068882288,13.539841434913058,1.6687903324003979,-0.0,2.6413950254834955,15.043774540185062,12.598846319979687,1.0134243938221432,-0.013928858117419469,1.8185818262832885,3.7265370427408966,-0.0,-0.0,-0.0,-0.0,6.259432469383198,-0.0,-0.0
C:/Users/huang/Dropbox/AlexXuRichard\School tests/UB p&h&cs\test77.csv,-0.6983883283390403,-0.0,15.64969941390311,53.725463763878196,1.6794756648365088,-0.0,0.13352126746133983,26.010441699257154,35.80921886552633,1.1616110868716507,-0.013910283569301464,1.827506526633106,3.7431115167847584,-0.0,-0.0,-0.0,-0.0,6.284156720600973,-0.0,-0.0
C:/Users/huang/Dropbox/AlexXuRichard\School tests/UB p&h&cs\test78.csv,-0.6960309488968338,0.054166037159877445,26.836908661962074,24.126957845438895,2.0697124832431597,-0.0,0.13532874520009422,41.67478931270679,35.90942465493848,-0.0,-0.013891709361457668,2.02486942412711,3.7596762745377563,-0.0,-0.0,-0.0,-0.0,6.308862854500545,-0.0,-0.0
C:/Users/huang/Dropbox/AlexXuRichard\School tests/UB p&h&cs\test79.csv,-0.6936740444976568,-0.0,15.779691607410589,37.62220015968025,6.777575298265194,-0.0,2.664523483521709,26.18006993103452,22.92398453276007,-0.0,-0.013873135493881847,6.629503488265328,3.7762313216957755,-0.0,-0.0,-0.0,-0.0,6.3335508843578365,-0.0,-0.0
C:/Users/huang/Dropbox/AlexXuRichard\School tests/UB p&h&cs\test8.csv,196.1108006431711,-0.0,45.53134656205099,-0.0,-0.039852441767987336,-0.0,-0.0,-0.0,2.8337669625307274,5.926516104902631,-0.013854561966567763,0.4631642683270733,13.203847233568341,141.21892684482785,175.44857245861678,-0.0,27.396238495702047,6.358220823439041,-0.0,-0.0
C:/Users/huang/Dropbox/AlexXuRichard\School tests/UB p&h&cs\test80.csv,-0.6863021133159727,-0.0,15.914732395158874,24.29230520868647,1.9055082703751576,-0.0,0.1417771940562831,15.294323723041042,23.03570363962357,-0.0,-0.013835988779509185,1.8654507989823996,3.818450851734641,-0.0,-0.0,-0.0,-0.0,6.38287268500063,-0.0,-0.0
C:/Users/huang/Dropbox/AlexXuRichard\School tests/UB p&h&cs\test81.csv,-0.6839471694053993,-0.0,61.496112229164396,75.85561041740502,40.857180474073076,-0.0,0.2077152309526213,27.02833424998782,72.4351943695957,21.736015495046704,1.443108694920663,6.680609376832598,10.496601123570832,-0.0,-0.0,13.991625473559452,-0.0,6.407506482289362,-0.0,-0.0
C:/Users/huang/Dropbox/AlexXuRichard\School tests/UB p&h&cs\test82.csv,-0.6815927000470637,-0.0,27.268459425288817,6.307554170513685,15.792597563414818,-0.0,0.5577068743757736,27.81709858072472,5.689943203437016,-0.0,-0.013283074296803764,1.8888160803855951,3.858715353113911,-0.0,-0.0,-0.0,-0.0,6.432122228542286,-0.0,-0.0
C:/Users/huang/Dropbox/AlexXuRichard\School tests/UB p&h&cs\test83.csv,-0.6792387051453376,-0.0,27.355759504213758,24.51017792354657,1.9681158977588855,-0.0,0.14820597759460086,26.49565961456232,23.238751546045215,-0.0,-0.013422263710020924,1.897711187831528,10.127417473744018,-0.0,-0.0,-0.0,-0.0,6.456719936986756,-0.0,-0.0
C:/Users/huang/Dropbox/AlexXuRichard\School tests/UB p&h&cs\test84.csv,-0.6768851846046119,-0.0,16.186732794621154,24.5890372846406,82.87637660253507,-0.0,2.9282438887211892,42.27891634264766,36.48963099935309,11.953545047984926,1.618974821397416,1.906602547361817,3.8985864533674612,-0.0,-0.0,25.24931667669828,-0.0,6.481299620840431,-0.0,-0.0
C:/Users/huang/Dropbox/AlexXuRichard\School tests/UB p&h&cs\test85.csv,-0.6745321383292964,-0.0,2.4981044329197584,24.66778251802059,1.8164649251857061,-0.0,0.15478694927901002,40.65228012775401,23.39227972906589,-0.0,-0.013048650075963135,1.9154901605556303,3.9150600685779002,-0.0,-0.0,-0.0,-0.0,6.505861293311283,-0.0,-0.0
C:/Users/huang/Dropbox/AlexXuRichard\School tests/UB p&h&cs\test86.csv,-0.6721795662238202,-0.0,16.28021294086444,14.139664602071353,2.0178129887684215,-0.0,0.1565905312766873,15.674529695227841,6.855732011906093,-0.0,-0.013030091652710785,1.9243740289914706,3.931524026622957,-0.0,-0.0,-0.0,-0.0,6.530404967597607,-0.0,-0.0
C:/Users/huang/Dropbox/AlexXuRichard\School tests/UB p&h&cs\test87.csv,-0.6698274681926321,-0.0,41.86861894478837,74.273595685368,2.029235797537762,-0.0,2.7240455784594455,77.68721976331112,94.01121185889991,172.99575230439103,-0.013011533569437244,6.785602182103808,3.9479783331638565,-0.0,-0.0,-0.0,-0.0,6.5549306568880255,-0.0,-0.0
C:/Users/huang/Dropbox/AlexXuRichard\School tests/UB p&h&cs\test88.csv,-0.6674758441401999,-0.0,27.73094202012667,24.89922219447045,39.619294510983075,-0.0,0.16302418102667612,40.94787451965973,23.591013841700946,-0.0,-0.012992975826136286,1.9476702450712111,10.266809117949162,-0.0,-0.0,-0.0,-0.0,6.5794383743615,-0.0,-0.0
C:/Users/huang/Dropbox/AlexXuRichard\School tests/UB p&h&cs\test89.csv,-0.6651246939710105,-0.0,8.07672714249561,14.833378701082701,2.0684601222300603,-0.0,0.16482625401456216,42.79654283127483,5.938889975972303,-0.0,-0.016899063089947253,1.9565405545654748,3.987715391466463,-0.0,-0.0,-0.0,-0.0,6.603928133187328,-0.0,-0.0
C:/Users/huang/Dropbox/AlexXuRichard\School tests/UB p&h&cs\test9.csv,253.68426746479136,-0.0,93.92141908274075,-0.0,25.82882441701105,-0.0,-0.0,-0.0,6.1430287254140525,1.9820277215233078,-0.010284823338805017,0.41548556063505726,2.57177523367739,5.675479958737715,0.8011662454524667,-0.0,12.485402661908038,5.269339525834754,-0.0,-0.0
C:/Users/huang/Dropbox/AlexXuRichard\School tests/UB p&h&cs\test90.csv,-0.6057923792219057,-0.0,16.332493659534048,13.708400365663536,6.588001495473041,-0.0,0.15343661378800194,14.668385019642468,12.809780580233777,-0.0,1.3454091111474202,1.8146950514746283,9.936620347858012,-0.0,-0.0,-0.0,-0.0,6.1270866109975675,-0.0,-0.0
C:/Users/huang/Dropbox/AlexXuRichard\School tests/UB p&h&cs\test91.csv,-0.6036388077615239,0.05532703241864638,25.848646409794924,23.127344852056723,6.615770185321206,-0.0,0.15509764000025095,25.00039233028126,34.190379891966394,-0.0,-0.011581525028174663,1.8229147210734151,3.7235753124636255,-0.0,-0.0,-0.0,-0.0,6.149942827859243,-0.0,-0.0
C:/Users/huang/Dropbox/AlexXuRichard\School tests/UB p&h&cs\test92.csv,-0.6531970706801575,-0.0,43.385234035760455,25.196529257636616,1.9499289988467838,-0.0,0.1702353513256796,16.049878743865026,37.23281778236435,-0.0,-0.01255869020362295,1.9885587708913726,4.621737583946685,-0.0,-0.0,-0.0,-0.0,6.703475426793587,-0.0,-0.0
C:/Users/huang/Dropbox/AlexXuRichard\School tests/UB p&h&cs\test93.csv,-0.5993232680404905,-0.0,7.666012273136847,23.273505681094072,119.1758741592905,-0.0,2.5435664196026404,53.864868064865185,22.09274330897955,106.17054007997787,-0.011547379612937957,13.568161800827387,3.7546979505762246,-0.0,-0.0,20.88834702796985,-0.0,6.195250912707654,-0.0,-0.0
C:/Users/huang/Dropbox/AlexXuRichard\School tests/UB p&h&cs\test94.csv,-0.6485113813452257,-0.0,8.360548096844333,14.609619900554396,1.9851361895890223,-0.0,0.1766995640922855,16.176930440258857,13.6430712108435,1.100827808916921,-0.012521609835223576,2.016554363740411,4.09405800237676,-0.0,-0.0,-0.0,-0.0,6.752645576214143,-0.0,-0.0
C:/Users/huang/Dropbox/AlexXuRichard\School tests/UB p&h&cs\test95.csv,-0.6461640527652561,-0.0,8.395404265737136,6.832865325827607,2.193150764969874,-0.0,0.1784991318347714,27.465674972120688,6.183599733624656,-0.0,-0.012503061067021709,2.0253956492046057,4.110417028224012,-0.0,-0.0,-0.0,-0.0,6.7770084130974935,-0.0,-0.0
C:/Users/huang/Dropbox/AlexXuRichard\School tests/UB p&h&cs\test96.csv,-0.6438171972029353,-0.0,28.436160041508344,39.17929868053527,2.2044900596757704,-0.0,2.785378422166627,27.545112939535244,73.11841001845822,34.85326842515502,-0.012484512638621777,6.965608323952911,4.126766464080476,-0.0,-0.0,-0.0,-0.0,6.8013533974981035,-0.0,-0.0
C:/Users/huang/Dropbox/AlexXuRichard\School tests/UB p&h&cs\test97.csv,-0.6414708145629434,-0.0,28.521663230115763,6.906902678085954,2.2158239534315807,-0.0,2.798312076776321,41.82654434349528,6.250060971830029,5.18129642124076,-0.012465964550017557,2.048573455433513,4.143106315568,-0.0,-0.0,-0.0,-0.0,6.825680542497831,-0.0,-0.0
C:/Users/huang/Dropbox/AlexXuRichard\School tests/UB p&h&cs\test98.csv,-0.6391249047499806,-0.0,169.56661445297414,80.36779123033052,7.723465211175331,-0.0,0.18953432526346728,80.37036193610652,39.3852928718008,5.834491647814996,6.220433097694268,2.0574012497897707,11.013717447226687,-0.0,-0.0,25.391136845574483,-0.0,6.849989861168944,-0.0,-0.0
C:/Users/huang/Dropbox/AlexXuRichard\School tests/UB p&h&cs\test99.csv,-0.6367794676687664,-0.0,17.13576854979397,25.69239907082343,2.2449074070326254,-0.0,0.1913315417572729,16.48463682910995,24.38101859086462,-0.0,-0.011846915456518083,2.0662253245924678,4.18287735335338,-0.0,-0.0,-0.0,-0.0,6.874281366574136,-0.0,-0.0


Process finished with exit code 0
